id	group	input	in_type	out_type	chain	color	duplex	media	copies	options
pdftopdf/filled-2/default.pdf	pdftopdf	corpus/pdf/filled-2.pdf	application/pdf	application/pdf	pdftopdf	1	1	iso_a4_210x297mm	1	
pdftopdf/filled-2/number-up-2.pdf	pdftopdf	corpus/pdf/filled-2.pdf	application/pdf	application/pdf	pdftopdf	1	1	iso_a4_210x297mm	1	number-up=2
pdftopdf/filled-2/number-up-3.pdf	pdftopdf	corpus/pdf/filled-2.pdf	application/pdf	application/pdf	pdftopdf	1	1	iso_a4_210x297mm	1	number-up=3
pdftopdf/filled-2/number-up-4.pdf	pdftopdf	corpus/pdf/filled-2.pdf	application/pdf	application/pdf	pdftopdf	1	1	iso_a4_210x297mm	1	number-up=4
pdftopdf/filled-2/number-up-6.pdf	pdftopdf	corpus/pdf/filled-2.pdf	application/pdf	application/pdf	pdftopdf	1	1	iso_a4_210x297mm	1	number-up=6
pdftopdf/filled-2/number-up-8.pdf	pdftopdf	corpus/pdf/filled-2.pdf	application/pdf	application/pdf	pdftopdf	1	1	iso_a4_210x297mm	1	number-up=8
pdftopdf/filled-2/number-up-9.pdf	pdftopdf	corpus/pdf/filled-2.pdf	application/pdf	application/pdf	pdftopdf	1	1	iso_a4_210x297mm	1	number-up=9
pdftopdf/filled-2/number-up-10.pdf	pdftopdf	corpus/pdf/filled-2.pdf	application/pdf	application/pdf	pdftopdf	1	1	iso_a4_210x297mm	1	number-up=10
pdftopdf/filled-2/number-up-12.pdf	pdftopdf	corpus/pdf/filled-2.pdf	application/pdf	application/pdf	pdftopdf	1	1	iso_a4_210x297mm	1	number-up=12
pdftopdf/filled-2/number-up-15.pdf	pdftopdf	corpus/pdf/filled-2.pdf	application/pdf	application/pdf	pdftopdf	1	1	iso_a4_210x297mm	1	number-up=15
pdftopdf/filled-2/number-up-16.pdf	pdftopdf	corpus/pdf/filled-2.pdf	application/pdf	application/pdf	pdftopdf	1	1	iso_a4_210x297mm	1	number-up=16
pdftopdf/filled-2/number-up-4-number-up-layout-lrtb.pdf	pdftopdf	corpus/pdf/filled-2.pdf	application/pdf	application/pdf	pdftopdf	1	1	iso_a4_210x297mm	1	number-up=4 number-up-layout=lrtb
pdftopdf/filled-2/number-up-4-number-up-layout-rltb.pdf	pdftopdf	corpus/pdf/filled-2.pdf	application/pdf	application/pdf	pdftopdf	1	1	iso_a4_210x297mm	1	number-up=4 number-up-layout=rltb
pdftopdf/filled-2/number-up-4-number-up-layout-tblr.pdf	pdftopdf	corpus/pdf/filled-2.pdf	application/pdf	application/pdf	pdftopdf	1	1	iso_a4_210x297mm	1	number-up=4 number-up-layout=tblr
pdftopdf/filled-2/number-up-4-number-up-layout-btlr.pdf	pdftopdf	corpus/pdf/filled-2.pdf	application/pdf	application/pdf	pdftopdf	1	1	iso_a4_210x297mm	1	number-up=4 number-up-layout=btlr
pdftopdf/filled-2/number-up-4-number-up-layout-lrbt.pdf	pdftopdf	corpus/pdf/filled-2.pdf	application/pdf	application/pdf	pdftopdf	1	1	iso_a4_210x297mm	1	number-up=4 number-up-layout=lrbt
pdftopdf/filled-2/number-up-4-number-up-layout-rlbt.pdf	pdftopdf	corpus/pdf/filled-2.pdf	application/pdf	application/pdf	pdftopdf	1	1	iso_a4_210x297mm	1	number-up=4 number-up-layout=rlbt
pdftopdf/filled-2/number-up-4-number-up-layout-tbrl.pdf	pdftopdf	corpus/pdf/filled-2.pdf	application/pdf	application/pdf	pdftopdf	1	1	iso_a4_210x297mm	1	number-up=4 number-up-layout=tbrl
pdftopdf/filled-2/number-up-4-number-up-layout-btrl.pdf	pdftopdf	corpus/pdf/filled-2.pdf	application/pdf	application/pdf	pdftopdf	1	1	iso_a4_210x297mm	1	number-up=4 number-up-layout=btrl
pdftopdf/filled-2/number-up-2-page-border-single.pdf	pdftopdf	corpus/pdf/filled-2.pdf	application/pdf	application/pdf	pdftopdf	1	1	iso_a4_210x297mm	1	number-up=2 page-border=single
pdftopdf/filled-2/number-up-2-page-border-single-thick.pdf	pdftopdf	corpus/pdf/filled-2.pdf	application/pdf	application/pdf	pdftopdf	1	1	iso_a4_210x297mm	1	number-up=2 page-border=single-thick
pdftopdf/filled-2/number-up-2-page-border-double.pdf	pdftopdf	corpus/pdf/filled-2.pdf	application/pdf	application/pdf	pdftopdf	1	1	iso_a4_210x297mm	1	number-up=2 page-border=double
pdftopdf/filled-2/number-up-2-page-border-double-thick.pdf	pdftopdf	corpus/pdf/filled-2.pdf	application/pdf	application/pdf	pdftopdf	1	1	iso_a4_210x297mm	1	number-up=2 page-border=double-thick
pdftopdf/filled-2/orientation-requested-3.pdf	pdftopdf	corpus/pdf/filled-2.pdf	application/pdf	application/pdf	pdftopdf	1	1	iso_a4_210x297mm	1	orientation-requested=3
pdftopdf/filled-2/orientation-requested-4.pdf	pdftopdf	corpus/pdf/filled-2.pdf	application/pdf	application/pdf	pdftopdf	1	1	iso_a4_210x297mm	1	orientation-requested=4
pdftopdf/filled-2/orientation-requested-5.pdf	pdftopdf	corpus/pdf/filled-2.pdf	application/pdf	application/pdf	pdftopdf	1	1	iso_a4_210x297mm	1	orientation-requested=5
pdftopdf/filled-2/orientation-requested-6.pdf	pdftopdf	corpus/pdf/filled-2.pdf	application/pdf	application/pdf	pdftopdf	1	1	iso_a4_210x297mm	1	orientation-requested=6
pdftopdf/filled-2/landscape-true.pdf	pdftopdf	corpus/pdf/filled-2.pdf	application/pdf	application/pdf	pdftopdf	1	1	iso_a4_210x297mm	1	landscape=true
pdftopdf/filled-2/pdfAutoRotate-false.pdf	pdftopdf	corpus/pdf/filled-2.pdf	application/pdf	application/pdf	pdftopdf	1	1	iso_a4_210x297mm	1	pdfAutoRotate=false
pdftopdf/filled-2/nopdfAutoRotate-true.pdf	pdftopdf	corpus/pdf/filled-2.pdf	application/pdf	application/pdf	pdftopdf	1	1	iso_a4_210x297mm	1	nopdfAutoRotate=true
pdftopdf/filled-2/page-ranges-1.pdf	pdftopdf	corpus/pdf/filled-2.pdf	application/pdf	application/pdf	pdftopdf	1	1	iso_a4_210x297mm	1	page-ranges=1
pdftopdf/filled-2/page-ranges-2-3.pdf	pdftopdf	corpus/pdf/filled-2.pdf	application/pdf	application/pdf	pdftopdf	1	1	iso_a4_210x297mm	1	page-ranges=2-3
pdftopdf/filled-2/page-ranges-1-3.pdf	pdftopdf	corpus/pdf/filled-2.pdf	application/pdf	application/pdf	pdftopdf	1	1	iso_a4_210x297mm	1	page-ranges=1,3
pdftopdf/filled-2/page-ranges-2.pdf	pdftopdf	corpus/pdf/filled-2.pdf	application/pdf	application/pdf	pdftopdf	1	1	iso_a4_210x297mm	1	page-ranges=2-
pdftopdf/filled-2/page-ranges-1-2-4.pdf	pdftopdf	corpus/pdf/filled-2.pdf	application/pdf	application/pdf	pdftopdf	1	1	iso_a4_210x297mm	1	page-ranges=1-2,4
pdftopdf/filled-2/page-set-odd.pdf	pdftopdf	corpus/pdf/filled-2.pdf	application/pdf	application/pdf	pdftopdf	1	1	iso_a4_210x297mm	1	page-set=odd
pdftopdf/filled-2/page-set-even.pdf	pdftopdf	corpus/pdf/filled-2.pdf	application/pdf	application/pdf	pdftopdf	1	1	iso_a4_210x297mm	1	page-set=even
pdftopdf/filled-2/output-order-reverse.pdf	pdftopdf	corpus/pdf/filled-2.pdf	application/pdf	application/pdf	pdftopdf	1	1	iso_a4_210x297mm	1	output-order=reverse
pdftopdf/filled-2/outputorder-reverse.pdf	pdftopdf	corpus/pdf/filled-2.pdf	application/pdf	application/pdf	pdftopdf	1	1	iso_a4_210x297mm	1	outputorder=reverse
pdftopdf/filled-2/sides-one-sided.pdf	pdftopdf	corpus/pdf/filled-2.pdf	application/pdf	application/pdf	pdftopdf	1	1	iso_a4_210x297mm	1	sides=one-sided
pdftopdf/filled-2/sides-two-sided-long-edge.pdf	pdftopdf	corpus/pdf/filled-2.pdf	application/pdf	application/pdf	pdftopdf	1	1	iso_a4_210x297mm	1	sides=two-sided-long-edge
pdftopdf/filled-2/sides-two-sided-short-edge.pdf	pdftopdf	corpus/pdf/filled-2.pdf	application/pdf	application/pdf	pdftopdf	1	1	iso_a4_210x297mm	1	sides=two-sided-short-edge
pdftopdf/filled-2/sides-two-sided-long-edge-even-duplex-true.pdf	pdftopdf	corpus/pdf/filled-2.pdf	application/pdf	application/pdf	pdftopdf	1	1	iso_a4_210x297mm	1	sides=two-sided-long-edge even-duplex=true
pdftopdf/filled-2/booklet-on.pdf	pdftopdf	corpus/pdf/filled-2.pdf	application/pdf	application/pdf	pdftopdf	1	1	iso_a4_210x297mm	1	booklet=on
pdftopdf/filled-2/booklet-on-sides-two-sided-short-edge.pdf	pdftopdf	corpus/pdf/filled-2.pdf	application/pdf	application/pdf	pdftopdf	1	1	iso_a4_210x297mm	1	booklet=on sides=two-sided-short-edge
pdftopdf/filled-2/imposition-template-booklet.pdf	pdftopdf	corpus/pdf/filled-2.pdf	application/pdf	application/pdf	pdftopdf	1	1	iso_a4_210x297mm	1	imposition-template=booklet
pdftopdf/filled-2/mirror-true.pdf	pdftopdf	corpus/pdf/filled-2.pdf	application/pdf	application/pdf	pdftopdf	1	1	iso_a4_210x297mm	1	mirror=true
pdftopdf/filled-2/print-scaling-auto.pdf	pdftopdf	corpus/pdf/filled-2.pdf	application/pdf	application/pdf	pdftopdf	1	1	iso_a4_210x297mm	1	print-scaling=auto
pdftopdf/filled-2/print-scaling-auto-fit.pdf	pdftopdf	corpus/pdf/filled-2.pdf	application/pdf	application/pdf	pdftopdf	1	1	iso_a4_210x297mm	1	print-scaling=auto-fit
pdftopdf/filled-2/print-scaling-fill.pdf	pdftopdf	corpus/pdf/filled-2.pdf	application/pdf	application/pdf	pdftopdf	1	1	iso_a4_210x297mm	1	print-scaling=fill
pdftopdf/filled-2/print-scaling-fit.pdf	pdftopdf	corpus/pdf/filled-2.pdf	application/pdf	application/pdf	pdftopdf	1	1	iso_a4_210x297mm	1	print-scaling=fit
pdftopdf/filled-2/print-scaling-none.pdf	pdftopdf	corpus/pdf/filled-2.pdf	application/pdf	application/pdf	pdftopdf	1	1	iso_a4_210x297mm	1	print-scaling=none
pdftopdf/filled-2/fit-to-page-true.pdf	pdftopdf	corpus/pdf/filled-2.pdf	application/pdf	application/pdf	pdftopdf	1	1	iso_a4_210x297mm	1	fit-to-page=true
pdftopdf/filled-2/fill-true.pdf	pdftopdf	corpus/pdf/filled-2.pdf	application/pdf	application/pdf	pdftopdf	1	1	iso_a4_210x297mm	1	fill=true
pdftopdf/filled-2/crop-to-fit-true.pdf	pdftopdf	corpus/pdf/filled-2.pdf	application/pdf	application/pdf	pdftopdf	1	1	iso_a4_210x297mm	1	crop-to-fit=true
pdftopdf/filled-2/nofit-to-page-true.pdf	pdftopdf	corpus/pdf/filled-2.pdf	application/pdf	application/pdf	pdftopdf	1	1	iso_a4_210x297mm	1	nofit-to-page=true
pdftopdf/filled-2/position-center.pdf	pdftopdf	corpus/pdf/filled-2.pdf	application/pdf	application/pdf	pdftopdf	1	1	iso_a4_210x297mm	1	position=center
pdftopdf/filled-2/position-top.pdf	pdftopdf	corpus/pdf/filled-2.pdf	application/pdf	application/pdf	pdftopdf	1	1	iso_a4_210x297mm	1	position=top
pdftopdf/filled-2/position-bottom.pdf	pdftopdf	corpus/pdf/filled-2.pdf	application/pdf	application/pdf	pdftopdf	1	1	iso_a4_210x297mm	1	position=bottom
pdftopdf/filled-2/position-left.pdf	pdftopdf	corpus/pdf/filled-2.pdf	application/pdf	application/pdf	pdftopdf	1	1	iso_a4_210x297mm	1	position=left
pdftopdf/filled-2/position-right.pdf	pdftopdf	corpus/pdf/filled-2.pdf	application/pdf	application/pdf	pdftopdf	1	1	iso_a4_210x297mm	1	position=right
pdftopdf/filled-2/position-top-left.pdf	pdftopdf	corpus/pdf/filled-2.pdf	application/pdf	application/pdf	pdftopdf	1	1	iso_a4_210x297mm	1	position=top-left
pdftopdf/filled-2/position-bottom-right.pdf	pdftopdf	corpus/pdf/filled-2.pdf	application/pdf	application/pdf	pdftopdf	1	1	iso_a4_210x297mm	1	position=bottom-right
pdftopdf/filled-2/page-left-36-page-right-36-page-top-72-page-bottom-21dfcfa5.pdf	pdftopdf	corpus/pdf/filled-2.pdf	application/pdf	application/pdf	pdftopdf	1	1	iso_a4_210x297mm	1	page-left=36 page-right=36 page-top=72 page-bottom=72 fit-to-page=true
pdftopdf/filled-2/media-na-letter-8-5x11in.pdf	pdftopdf	corpus/pdf/filled-2.pdf	application/pdf	application/pdf	pdftopdf	1	1	iso_a4_210x297mm	1	media=na_letter_8.5x11in
pdftopdf/filled-2/media-na-legal-8-5x14in.pdf	pdftopdf	corpus/pdf/filled-2.pdf	application/pdf	application/pdf	pdftopdf	1	1	iso_a4_210x297mm	1	media=na_legal_8.5x14in
pdftopdf/filled-2/media-iso-a5-148x210mm.pdf	pdftopdf	corpus/pdf/filled-2.pdf	application/pdf	application/pdf	pdftopdf	1	1	iso_a4_210x297mm	1	media=iso_a5_148x210mm
pdftopdf/filled-2/media-iso-a3-297x420mm.pdf	pdftopdf	corpus/pdf/filled-2.pdf	application/pdf	application/pdf	pdftopdf	1	1	iso_a4_210x297mm	1	media=iso_a3_297x420mm
pdftopdf/filled-2/page-label-REGRESSION-LABEL.pdf	pdftopdf	corpus/pdf/filled-2.pdf	application/pdf	application/pdf	pdftopdf	1	1	iso_a4_210x297mm	1	page-label=REGRESSION-LABEL
pdftopdf/filled-2/multiple-document-handling-separate-documents-coll-3d1a7cf7.pdf	pdftopdf	corpus/pdf/filled-2.pdf	application/pdf	application/pdf	pdftopdf	1	1	iso_a4_210x297mm	1	multiple-document-handling=separate-documents-collated-copies
pdftopdf/filled-2/multiple-document-handling-separate-documents-unco-af2d881a.pdf	pdftopdf	corpus/pdf/filled-2.pdf	application/pdf	application/pdf	pdftopdf	1	1	iso_a4_210x297mm	1	multiple-document-handling=separate-documents-uncollated-copies
pdftopdf/filled-2/collate-true.pdf	pdftopdf	corpus/pdf/filled-2.pdf	application/pdf	application/pdf	pdftopdf	1	1	iso_a4_210x297mm	1	collate=true
pdftopdf/filled-2/collate-false.pdf	pdftopdf	corpus/pdf/filled-2.pdf	application/pdf	application/pdf	pdftopdf	1	1	iso_a4_210x297mm	1	collate=false
pdftopdf/filled-2/page-set-odd-sides-two-sided-short-edge-mirror-tru-88f44847.pdf	pdftopdf	corpus/pdf/filled-2.pdf	application/pdf	application/pdf	pdftopdf	1	1	iso_a4_210x297mm	1	page-set=odd sides=two-sided-short-edge mirror=true page-border=single media=na_letter_8.5x11in output-order=reverse
pdftopdf/filled-2/orientation-requested-4-print-scaling-none-mirror-true.pdf	pdftopdf	corpus/pdf/filled-2.pdf	application/pdf	application/pdf	pdftopdf	1	1	iso_a4_210x297mm	1	orientation-requested=4 print-scaling=none mirror=true
pdftopdf/filled-2/orientation-requested-5-print-scaling-fit-page-set-aabd8fa3.pdf	pdftopdf	corpus/pdf/filled-2.pdf	application/pdf	application/pdf	pdftopdf	1	1	iso_a4_210x297mm	1	orientation-requested=5 print-scaling=fit page-set=even sides=two-sided-long-edge media=na_letter_8.5x11in output-order=reverse
pdftopdf/filled-2/orientation-requested-6-print-scaling-fill-page-se-8c7a4ecd.pdf	pdftopdf	corpus/pdf/filled-2.pdf	application/pdf	application/pdf	pdftopdf	1	1	iso_a4_210x297mm	1	orientation-requested=6 print-scaling=fill page-set=even sides=two-sided-short-edge mirror=true page-border=single
pdftopdf/filled-2/number-up-2-print-scaling-fit-sides-two-sided-long-576d7fb6.pdf	pdftopdf	corpus/pdf/filled-2.pdf	application/pdf	application/pdf	pdftopdf	1	1	iso_a4_210x297mm	1	number-up=2 print-scaling=fit sides=two-sided-long-edge page-border=single
pdftopdf/filled-2/number-up-2-orientation-requested-4-print-scaling--ce78b144.pdf	pdftopdf	corpus/pdf/filled-2.pdf	application/pdf	application/pdf	pdftopdf	1	1	iso_a4_210x297mm	1	number-up=2 orientation-requested=4 print-scaling=fill page-set=odd sides=two-sided-long-edge mirror=true media=na_letter_8.5x11in output-order=reverse
pdftopdf/filled-2/number-up-2-orientation-requested-5-print-scaling--abb7f6e0.pdf	pdftopdf	corpus/pdf/filled-2.pdf	application/pdf	application/pdf	pdftopdf	1	1	iso_a4_210x297mm	1	number-up=2 orientation-requested=5 print-scaling=none page-set=odd sides=two-sided-short-edge page-border=single media=na_letter_8.5x11in
pdftopdf/filled-2/number-up-2-orientation-requested-6-page-set-even--e8135f6f.pdf	pdftopdf	corpus/pdf/filled-2.pdf	application/pdf	application/pdf	pdftopdf	1	1	iso_a4_210x297mm	1	number-up=2 orientation-requested=6 page-set=even media=na_letter_8.5x11in output-order=reverse
pdftopdf/filled-2/number-up-4-print-scaling-none-sides-two-sided-sho-2a337940.pdf	pdftopdf	corpus/pdf/filled-2.pdf	application/pdf	application/pdf	pdftopdf	1	1	iso_a4_210x297mm	1	number-up=4 print-scaling=none sides=two-sided-short-edge mirror=true media=na_letter_8.5x11in output-order=reverse
pdftopdf/filled-2/number-up-4-orientation-requested-4-print-scaling--50b0bedf.pdf	pdftopdf	corpus/pdf/filled-2.pdf	application/pdf	application/pdf	pdftopdf	1	1	iso_a4_210x297mm	1	number-up=4 orientation-requested=4 print-scaling=fit page-set=odd mirror=true page-border=single output-order=reverse
pdftopdf/filled-2/number-up-4-orientation-requested-5.pdf	pdftopdf	corpus/pdf/filled-2.pdf	application/pdf	application/pdf	pdftopdf	1	1	iso_a4_210x297mm	1	number-up=4 orientation-requested=5
pdftopdf/filled-2/number-up-4-orientation-requested-6-print-scaling--9dfdcd8c.pdf	pdftopdf	corpus/pdf/filled-2.pdf	application/pdf	application/pdf	pdftopdf	1	1	iso_a4_210x297mm	1	number-up=4 orientation-requested=6 print-scaling=none page-set=even sides=two-sided-long-edge media=na_letter_8.5x11in
pdftopdf/filled-2/number-up-4-print-scaling-fill-page-border-single.pdf	pdftopdf	corpus/pdf/filled-2.pdf	application/pdf	application/pdf	pdftopdf	1	1	iso_a4_210x297mm	1	number-up=4 print-scaling=fill page-border=single
pdftopdf/filled-2/number-up-6-page-set-even-sides-two-sided-long-edg-63dc2368.pdf	pdftopdf	corpus/pdf/filled-2.pdf	application/pdf	application/pdf	pdftopdf	1	1	iso_a4_210x297mm	1	number-up=6 page-set=even sides=two-sided-long-edge mirror=true media=na_letter_8.5x11in output-order=reverse
pdftopdf/filled-2/number-up-6-orientation-requested-4-print-scaling--257889da.pdf	pdftopdf	corpus/pdf/filled-2.pdf	application/pdf	application/pdf	pdftopdf	1	1	iso_a4_210x297mm	1	number-up=6 orientation-requested=4 print-scaling=fill sides=two-sided-short-edge page-border=single
pdftopdf/filled-2/number-up-6-orientation-requested-5-print-scaling--87124e38.pdf	pdftopdf	corpus/pdf/filled-2.pdf	application/pdf	application/pdf	pdftopdf	1	1	iso_a4_210x297mm	1	number-up=6 orientation-requested=5 print-scaling=fit page-set=even sides=two-sided-short-edge mirror=true page-border=single media=na_letter_8.5x11in
pdftopdf/filled-2/number-up-6-orientation-requested-6-print-scaling--a2e6d38e.pdf	pdftopdf	corpus/pdf/filled-2.pdf	application/pdf	application/pdf	pdftopdf	1	1	iso_a4_210x297mm	1	number-up=6 orientation-requested=6 print-scaling=none page-set=odd page-border=single media=na_letter_8.5x11in output-order=reverse
pdftopdf/filled-2/orientation-requested-4-page-set-even-sides-two-si-db0f91eb.pdf	pdftopdf	corpus/pdf/filled-2.pdf	application/pdf	application/pdf	pdftopdf	1	1	iso_a4_210x297mm	1	orientation-requested=4 page-set=even sides=two-sided-long-edge
pdftopdf/filled-2/number-up-2-orientation-requested-5-print-scaling--c36ee955.pdf	pdftopdf	corpus/pdf/filled-2.pdf	application/pdf	application/pdf	pdftopdf	1	1	iso_a4_210x297mm	1	number-up=2 orientation-requested=5 print-scaling=fill page-set=even sides=two-sided-long-edge mirror=true
pdftopdf/filled-2/orientation-requested-6-print-scaling-fit-mirror-t-84e2532f.pdf	pdftopdf	corpus/pdf/filled-2.pdf	application/pdf	application/pdf	pdftopdf	1	1	iso_a4_210x297mm	1	orientation-requested=6 print-scaling=fit mirror=true media=na_letter_8.5x11in output-order=reverse
pdftopdf/filled-2/default-copies2.pdf	pdftopdf	corpus/pdf/filled-2.pdf	application/pdf	application/pdf	pdftopdf	1	1	iso_a4_210x297mm	2	
pdftopdf/filled-2/collate-false-copies2.pdf	pdftopdf	corpus/pdf/filled-2.pdf	application/pdf	application/pdf	pdftopdf	1	1	iso_a4_210x297mm	2	collate=false
pdftopdf/filled-2/default-mono-printer-simplex-printer.pdf	pdftopdf	corpus/pdf/filled-2.pdf	application/pdf	application/pdf	pdftopdf	0	0	iso_a4_210x297mm	1	
pdftoraster/filled-2/default.pwg	pdftoraster	corpus/pdf/filled-2.pdf	application/pdf	image/pwg-raster	pdftopdf,pdftoraster	1	1	iso_a4_210x297mm	1	
pdftoraster/filled-2/print-color-mode-monochrome.pwg	pdftoraster	corpus/pdf/filled-2.pdf	application/pdf	image/pwg-raster	pdftopdf,pdftoraster	1	1	iso_a4_210x297mm	1	print-color-mode=monochrome
pdftoraster/filled-2/print-color-mode-color.pwg	pdftoraster	corpus/pdf/filled-2.pdf	application/pdf	image/pwg-raster	pdftopdf,pdftoraster	1	1	iso_a4_210x297mm	1	print-color-mode=color
pdftoraster/filled-2/printer-resolution-600dpi.pwg	pdftoraster	corpus/pdf/filled-2.pdf	application/pdf	image/pwg-raster	pdftopdf,pdftoraster	1	1	iso_a4_210x297mm	1	printer-resolution=600dpi
pdftoraster/filled-2/print-quality-3.pwg	pdftoraster	corpus/pdf/filled-2.pdf	application/pdf	image/pwg-raster	pdftopdf,pdftoraster	1	1	iso_a4_210x297mm	1	print-quality=3
pdftoraster/filled-2/print-quality-5.pwg	pdftoraster	corpus/pdf/filled-2.pdf	application/pdf	image/pwg-raster	pdftopdf,pdftoraster	1	1	iso_a4_210x297mm	1	print-quality=5
pdftoraster/filled-2/sides-two-sided-long-edge.pwg	pdftoraster	corpus/pdf/filled-2.pdf	application/pdf	image/pwg-raster	pdftopdf,pdftoraster	1	1	iso_a4_210x297mm	1	sides=two-sided-long-edge
pdftoraster/filled-2/sides-two-sided-short-edge.pwg	pdftoraster	corpus/pdf/filled-2.pdf	application/pdf	image/pwg-raster	pdftopdf,pdftoraster	1	1	iso_a4_210x297mm	1	sides=two-sided-short-edge
pdftoraster/filled-2/orientation-requested-4.pwg	pdftoraster	corpus/pdf/filled-2.pdf	application/pdf	image/pwg-raster	pdftopdf,pdftoraster	1	1	iso_a4_210x297mm	1	orientation-requested=4
pdftoraster/filled-2/number-up-2.pwg	pdftoraster	corpus/pdf/filled-2.pdf	application/pdf	image/pwg-raster	pdftopdf,pdftoraster	1	1	iso_a4_210x297mm	1	number-up=2
pdftoraster/filled-2/media-na-letter-8-5x11in.pwg	pdftoraster	corpus/pdf/filled-2.pdf	application/pdf	image/pwg-raster	pdftopdf,pdftoraster	1	1	iso_a4_210x297mm	1	media=na_letter_8.5x11in
pdftoraster/filled-2/print-scaling-fill.pwg	pdftoraster	corpus/pdf/filled-2.pdf	application/pdf	image/pwg-raster	pdftopdf,pdftoraster	1	1	iso_a4_210x297mm	1	print-scaling=fill
pdftoraster/filled-2/default-mono-printer.pwg	pdftoraster	corpus/pdf/filled-2.pdf	application/pdf	image/pwg-raster	pdftopdf,pdftoraster	0	1	iso_a4_210x297mm	1	
pdftoraster/filled-2/default.urf	pdftoraster	corpus/pdf/filled-2.pdf	application/pdf	image/urf	pdftopdf,pdftoraster	1	1	iso_a4_210x297mm	1	
pdftoraster/filled-2/default.ras	pdftoraster	corpus/pdf/filled-2.pdf	application/pdf	application/vnd.cups-raster	pdftopdf,pdftoraster	1	1	iso_a4_210x297mm	1	
pdftopdf/form_english/default.pdf	pdftopdf	corpus/pdf/form_english.pdf	application/pdf	application/pdf	pdftopdf	1	1	iso_a4_210x297mm	1	
pdftopdf/form_english/number-up-2.pdf	pdftopdf	corpus/pdf/form_english.pdf	application/pdf	application/pdf	pdftopdf	1	1	iso_a4_210x297mm	1	number-up=2
pdftopdf/form_english/number-up-3.pdf	pdftopdf	corpus/pdf/form_english.pdf	application/pdf	application/pdf	pdftopdf	1	1	iso_a4_210x297mm	1	number-up=3
pdftopdf/form_english/number-up-4.pdf	pdftopdf	corpus/pdf/form_english.pdf	application/pdf	application/pdf	pdftopdf	1	1	iso_a4_210x297mm	1	number-up=4
pdftopdf/form_english/number-up-6.pdf	pdftopdf	corpus/pdf/form_english.pdf	application/pdf	application/pdf	pdftopdf	1	1	iso_a4_210x297mm	1	number-up=6
pdftopdf/form_english/number-up-8.pdf	pdftopdf	corpus/pdf/form_english.pdf	application/pdf	application/pdf	pdftopdf	1	1	iso_a4_210x297mm	1	number-up=8
pdftopdf/form_english/number-up-9.pdf	pdftopdf	corpus/pdf/form_english.pdf	application/pdf	application/pdf	pdftopdf	1	1	iso_a4_210x297mm	1	number-up=9
pdftopdf/form_english/number-up-10.pdf	pdftopdf	corpus/pdf/form_english.pdf	application/pdf	application/pdf	pdftopdf	1	1	iso_a4_210x297mm	1	number-up=10
pdftopdf/form_english/number-up-12.pdf	pdftopdf	corpus/pdf/form_english.pdf	application/pdf	application/pdf	pdftopdf	1	1	iso_a4_210x297mm	1	number-up=12
pdftopdf/form_english/number-up-15.pdf	pdftopdf	corpus/pdf/form_english.pdf	application/pdf	application/pdf	pdftopdf	1	1	iso_a4_210x297mm	1	number-up=15
pdftopdf/form_english/number-up-16.pdf	pdftopdf	corpus/pdf/form_english.pdf	application/pdf	application/pdf	pdftopdf	1	1	iso_a4_210x297mm	1	number-up=16
pdftopdf/form_english/number-up-4-number-up-layout-lrtb.pdf	pdftopdf	corpus/pdf/form_english.pdf	application/pdf	application/pdf	pdftopdf	1	1	iso_a4_210x297mm	1	number-up=4 number-up-layout=lrtb
pdftopdf/form_english/number-up-4-number-up-layout-rltb.pdf	pdftopdf	corpus/pdf/form_english.pdf	application/pdf	application/pdf	pdftopdf	1	1	iso_a4_210x297mm	1	number-up=4 number-up-layout=rltb
pdftopdf/form_english/number-up-4-number-up-layout-tblr.pdf	pdftopdf	corpus/pdf/form_english.pdf	application/pdf	application/pdf	pdftopdf	1	1	iso_a4_210x297mm	1	number-up=4 number-up-layout=tblr
pdftopdf/form_english/number-up-4-number-up-layout-btlr.pdf	pdftopdf	corpus/pdf/form_english.pdf	application/pdf	application/pdf	pdftopdf	1	1	iso_a4_210x297mm	1	number-up=4 number-up-layout=btlr
pdftopdf/form_english/number-up-4-number-up-layout-lrbt.pdf	pdftopdf	corpus/pdf/form_english.pdf	application/pdf	application/pdf	pdftopdf	1	1	iso_a4_210x297mm	1	number-up=4 number-up-layout=lrbt
pdftopdf/form_english/number-up-4-number-up-layout-rlbt.pdf	pdftopdf	corpus/pdf/form_english.pdf	application/pdf	application/pdf	pdftopdf	1	1	iso_a4_210x297mm	1	number-up=4 number-up-layout=rlbt
pdftopdf/form_english/number-up-4-number-up-layout-tbrl.pdf	pdftopdf	corpus/pdf/form_english.pdf	application/pdf	application/pdf	pdftopdf	1	1	iso_a4_210x297mm	1	number-up=4 number-up-layout=tbrl
pdftopdf/form_english/number-up-4-number-up-layout-btrl.pdf	pdftopdf	corpus/pdf/form_english.pdf	application/pdf	application/pdf	pdftopdf	1	1	iso_a4_210x297mm	1	number-up=4 number-up-layout=btrl
pdftopdf/form_english/number-up-2-page-border-single.pdf	pdftopdf	corpus/pdf/form_english.pdf	application/pdf	application/pdf	pdftopdf	1	1	iso_a4_210x297mm	1	number-up=2 page-border=single
pdftopdf/form_english/number-up-2-page-border-single-thick.pdf	pdftopdf	corpus/pdf/form_english.pdf	application/pdf	application/pdf	pdftopdf	1	1	iso_a4_210x297mm	1	number-up=2 page-border=single-thick
pdftopdf/form_english/number-up-2-page-border-double.pdf	pdftopdf	corpus/pdf/form_english.pdf	application/pdf	application/pdf	pdftopdf	1	1	iso_a4_210x297mm	1	number-up=2 page-border=double
pdftopdf/form_english/number-up-2-page-border-double-thick.pdf	pdftopdf	corpus/pdf/form_english.pdf	application/pdf	application/pdf	pdftopdf	1	1	iso_a4_210x297mm	1	number-up=2 page-border=double-thick
pdftopdf/form_english/orientation-requested-3.pdf	pdftopdf	corpus/pdf/form_english.pdf	application/pdf	application/pdf	pdftopdf	1	1	iso_a4_210x297mm	1	orientation-requested=3
pdftopdf/form_english/orientation-requested-4.pdf	pdftopdf	corpus/pdf/form_english.pdf	application/pdf	application/pdf	pdftopdf	1	1	iso_a4_210x297mm	1	orientation-requested=4
pdftopdf/form_english/orientation-requested-5.pdf	pdftopdf	corpus/pdf/form_english.pdf	application/pdf	application/pdf	pdftopdf	1	1	iso_a4_210x297mm	1	orientation-requested=5
pdftopdf/form_english/orientation-requested-6.pdf	pdftopdf	corpus/pdf/form_english.pdf	application/pdf	application/pdf	pdftopdf	1	1	iso_a4_210x297mm	1	orientation-requested=6
pdftopdf/form_english/landscape-true.pdf	pdftopdf	corpus/pdf/form_english.pdf	application/pdf	application/pdf	pdftopdf	1	1	iso_a4_210x297mm	1	landscape=true
pdftopdf/form_english/pdfAutoRotate-false.pdf	pdftopdf	corpus/pdf/form_english.pdf	application/pdf	application/pdf	pdftopdf	1	1	iso_a4_210x297mm	1	pdfAutoRotate=false
pdftopdf/form_english/nopdfAutoRotate-true.pdf	pdftopdf	corpus/pdf/form_english.pdf	application/pdf	application/pdf	pdftopdf	1	1	iso_a4_210x297mm	1	nopdfAutoRotate=true
pdftopdf/form_english/page-ranges-1.pdf	pdftopdf	corpus/pdf/form_english.pdf	application/pdf	application/pdf	pdftopdf	1	1	iso_a4_210x297mm	1	page-ranges=1
pdftopdf/form_english/page-ranges-2-3.pdf	pdftopdf	corpus/pdf/form_english.pdf	application/pdf	application/pdf	pdftopdf	1	1	iso_a4_210x297mm	1	page-ranges=2-3
pdftopdf/form_english/page-ranges-1-3.pdf	pdftopdf	corpus/pdf/form_english.pdf	application/pdf	application/pdf	pdftopdf	1	1	iso_a4_210x297mm	1	page-ranges=1,3
pdftopdf/form_english/page-ranges-2.pdf	pdftopdf	corpus/pdf/form_english.pdf	application/pdf	application/pdf	pdftopdf	1	1	iso_a4_210x297mm	1	page-ranges=2-
pdftopdf/form_english/page-ranges-1-2-4.pdf	pdftopdf	corpus/pdf/form_english.pdf	application/pdf	application/pdf	pdftopdf	1	1	iso_a4_210x297mm	1	page-ranges=1-2,4
pdftopdf/form_english/page-set-odd.pdf	pdftopdf	corpus/pdf/form_english.pdf	application/pdf	application/pdf	pdftopdf	1	1	iso_a4_210x297mm	1	page-set=odd
pdftopdf/form_english/page-set-even.pdf	pdftopdf	corpus/pdf/form_english.pdf	application/pdf	application/pdf	pdftopdf	1	1	iso_a4_210x297mm	1	page-set=even
pdftopdf/form_english/output-order-reverse.pdf	pdftopdf	corpus/pdf/form_english.pdf	application/pdf	application/pdf	pdftopdf	1	1	iso_a4_210x297mm	1	output-order=reverse
pdftopdf/form_english/outputorder-reverse.pdf	pdftopdf	corpus/pdf/form_english.pdf	application/pdf	application/pdf	pdftopdf	1	1	iso_a4_210x297mm	1	outputorder=reverse
pdftopdf/form_english/sides-one-sided.pdf	pdftopdf	corpus/pdf/form_english.pdf	application/pdf	application/pdf	pdftopdf	1	1	iso_a4_210x297mm	1	sides=one-sided
pdftopdf/form_english/sides-two-sided-long-edge.pdf	pdftopdf	corpus/pdf/form_english.pdf	application/pdf	application/pdf	pdftopdf	1	1	iso_a4_210x297mm	1	sides=two-sided-long-edge
pdftopdf/form_english/sides-two-sided-short-edge.pdf	pdftopdf	corpus/pdf/form_english.pdf	application/pdf	application/pdf	pdftopdf	1	1	iso_a4_210x297mm	1	sides=two-sided-short-edge
pdftopdf/form_english/sides-two-sided-long-edge-even-duplex-true.pdf	pdftopdf	corpus/pdf/form_english.pdf	application/pdf	application/pdf	pdftopdf	1	1	iso_a4_210x297mm	1	sides=two-sided-long-edge even-duplex=true
pdftopdf/form_english/booklet-on.pdf	pdftopdf	corpus/pdf/form_english.pdf	application/pdf	application/pdf	pdftopdf	1	1	iso_a4_210x297mm	1	booklet=on
pdftopdf/form_english/booklet-on-sides-two-sided-short-edge.pdf	pdftopdf	corpus/pdf/form_english.pdf	application/pdf	application/pdf	pdftopdf	1	1	iso_a4_210x297mm	1	booklet=on sides=two-sided-short-edge
pdftopdf/form_english/imposition-template-booklet.pdf	pdftopdf	corpus/pdf/form_english.pdf	application/pdf	application/pdf	pdftopdf	1	1	iso_a4_210x297mm	1	imposition-template=booklet
pdftopdf/form_english/mirror-true.pdf	pdftopdf	corpus/pdf/form_english.pdf	application/pdf	application/pdf	pdftopdf	1	1	iso_a4_210x297mm	1	mirror=true
pdftopdf/form_english/print-scaling-auto.pdf	pdftopdf	corpus/pdf/form_english.pdf	application/pdf	application/pdf	pdftopdf	1	1	iso_a4_210x297mm	1	print-scaling=auto
pdftopdf/form_english/print-scaling-auto-fit.pdf	pdftopdf	corpus/pdf/form_english.pdf	application/pdf	application/pdf	pdftopdf	1	1	iso_a4_210x297mm	1	print-scaling=auto-fit
pdftopdf/form_english/print-scaling-fill.pdf	pdftopdf	corpus/pdf/form_english.pdf	application/pdf	application/pdf	pdftopdf	1	1	iso_a4_210x297mm	1	print-scaling=fill
pdftopdf/form_english/print-scaling-fit.pdf	pdftopdf	corpus/pdf/form_english.pdf	application/pdf	application/pdf	pdftopdf	1	1	iso_a4_210x297mm	1	print-scaling=fit
pdftopdf/form_english/print-scaling-none.pdf	pdftopdf	corpus/pdf/form_english.pdf	application/pdf	application/pdf	pdftopdf	1	1	iso_a4_210x297mm	1	print-scaling=none
pdftopdf/form_english/fit-to-page-true.pdf	pdftopdf	corpus/pdf/form_english.pdf	application/pdf	application/pdf	pdftopdf	1	1	iso_a4_210x297mm	1	fit-to-page=true
pdftopdf/form_english/fill-true.pdf	pdftopdf	corpus/pdf/form_english.pdf	application/pdf	application/pdf	pdftopdf	1	1	iso_a4_210x297mm	1	fill=true
pdftopdf/form_english/crop-to-fit-true.pdf	pdftopdf	corpus/pdf/form_english.pdf	application/pdf	application/pdf	pdftopdf	1	1	iso_a4_210x297mm	1	crop-to-fit=true
pdftopdf/form_english/nofit-to-page-true.pdf	pdftopdf	corpus/pdf/form_english.pdf	application/pdf	application/pdf	pdftopdf	1	1	iso_a4_210x297mm	1	nofit-to-page=true
pdftopdf/form_english/position-center.pdf	pdftopdf	corpus/pdf/form_english.pdf	application/pdf	application/pdf	pdftopdf	1	1	iso_a4_210x297mm	1	position=center
pdftopdf/form_english/position-top.pdf	pdftopdf	corpus/pdf/form_english.pdf	application/pdf	application/pdf	pdftopdf	1	1	iso_a4_210x297mm	1	position=top
pdftopdf/form_english/position-bottom.pdf	pdftopdf	corpus/pdf/form_english.pdf	application/pdf	application/pdf	pdftopdf	1	1	iso_a4_210x297mm	1	position=bottom
pdftopdf/form_english/position-left.pdf	pdftopdf	corpus/pdf/form_english.pdf	application/pdf	application/pdf	pdftopdf	1	1	iso_a4_210x297mm	1	position=left
pdftopdf/form_english/position-right.pdf	pdftopdf	corpus/pdf/form_english.pdf	application/pdf	application/pdf	pdftopdf	1	1	iso_a4_210x297mm	1	position=right
pdftopdf/form_english/position-top-left.pdf	pdftopdf	corpus/pdf/form_english.pdf	application/pdf	application/pdf	pdftopdf	1	1	iso_a4_210x297mm	1	position=top-left
pdftopdf/form_english/position-bottom-right.pdf	pdftopdf	corpus/pdf/form_english.pdf	application/pdf	application/pdf	pdftopdf	1	1	iso_a4_210x297mm	1	position=bottom-right
pdftopdf/form_english/page-left-36-page-right-36-page-top-72-page-bottom-21dfcfa5.pdf	pdftopdf	corpus/pdf/form_english.pdf	application/pdf	application/pdf	pdftopdf	1	1	iso_a4_210x297mm	1	page-left=36 page-right=36 page-top=72 page-bottom=72 fit-to-page=true
pdftopdf/form_english/media-na-letter-8-5x11in.pdf	pdftopdf	corpus/pdf/form_english.pdf	application/pdf	application/pdf	pdftopdf	1	1	iso_a4_210x297mm	1	media=na_letter_8.5x11in
pdftopdf/form_english/media-na-legal-8-5x14in.pdf	pdftopdf	corpus/pdf/form_english.pdf	application/pdf	application/pdf	pdftopdf	1	1	iso_a4_210x297mm	1	media=na_legal_8.5x14in
pdftopdf/form_english/media-iso-a5-148x210mm.pdf	pdftopdf	corpus/pdf/form_english.pdf	application/pdf	application/pdf	pdftopdf	1	1	iso_a4_210x297mm	1	media=iso_a5_148x210mm
pdftopdf/form_english/media-iso-a3-297x420mm.pdf	pdftopdf	corpus/pdf/form_english.pdf	application/pdf	application/pdf	pdftopdf	1	1	iso_a4_210x297mm	1	media=iso_a3_297x420mm
pdftopdf/form_english/page-label-REGRESSION-LABEL.pdf	pdftopdf	corpus/pdf/form_english.pdf	application/pdf	application/pdf	pdftopdf	1	1	iso_a4_210x297mm	1	page-label=REGRESSION-LABEL
pdftopdf/form_english/multiple-document-handling-separate-documents-coll-3d1a7cf7.pdf	pdftopdf	corpus/pdf/form_english.pdf	application/pdf	application/pdf	pdftopdf	1	1	iso_a4_210x297mm	1	multiple-document-handling=separate-documents-collated-copies
pdftopdf/form_english/multiple-document-handling-separate-documents-unco-af2d881a.pdf	pdftopdf	corpus/pdf/form_english.pdf	application/pdf	application/pdf	pdftopdf	1	1	iso_a4_210x297mm	1	multiple-document-handling=separate-documents-uncollated-copies
pdftopdf/form_english/collate-true.pdf	pdftopdf	corpus/pdf/form_english.pdf	application/pdf	application/pdf	pdftopdf	1	1	iso_a4_210x297mm	1	collate=true
pdftopdf/form_english/collate-false.pdf	pdftopdf	corpus/pdf/form_english.pdf	application/pdf	application/pdf	pdftopdf	1	1	iso_a4_210x297mm	1	collate=false
pdftopdf/form_english/page-set-odd-sides-two-sided-short-edge-mirror-tru-88f44847.pdf	pdftopdf	corpus/pdf/form_english.pdf	application/pdf	application/pdf	pdftopdf	1	1	iso_a4_210x297mm	1	page-set=odd sides=two-sided-short-edge mirror=true page-border=single media=na_letter_8.5x11in output-order=reverse
pdftopdf/form_english/orientation-requested-4-print-scaling-none-mirror-true.pdf	pdftopdf	corpus/pdf/form_english.pdf	application/pdf	application/pdf	pdftopdf	1	1	iso_a4_210x297mm	1	orientation-requested=4 print-scaling=none mirror=true
pdftopdf/form_english/orientation-requested-5-print-scaling-fit-page-set-aabd8fa3.pdf	pdftopdf	corpus/pdf/form_english.pdf	application/pdf	application/pdf	pdftopdf	1	1	iso_a4_210x297mm	1	orientation-requested=5 print-scaling=fit page-set=even sides=two-sided-long-edge media=na_letter_8.5x11in output-order=reverse
pdftopdf/form_english/orientation-requested-6-print-scaling-fill-page-se-8c7a4ecd.pdf	pdftopdf	corpus/pdf/form_english.pdf	application/pdf	application/pdf	pdftopdf	1	1	iso_a4_210x297mm	1	orientation-requested=6 print-scaling=fill page-set=even sides=two-sided-short-edge mirror=true page-border=single
pdftopdf/form_english/number-up-2-print-scaling-fit-sides-two-sided-long-576d7fb6.pdf	pdftopdf	corpus/pdf/form_english.pdf	application/pdf	application/pdf	pdftopdf	1	1	iso_a4_210x297mm	1	number-up=2 print-scaling=fit sides=two-sided-long-edge page-border=single
pdftopdf/form_english/number-up-2-orientation-requested-4-print-scaling--ce78b144.pdf	pdftopdf	corpus/pdf/form_english.pdf	application/pdf	application/pdf	pdftopdf	1	1	iso_a4_210x297mm	1	number-up=2 orientation-requested=4 print-scaling=fill page-set=odd sides=two-sided-long-edge mirror=true media=na_letter_8.5x11in output-order=reverse
pdftopdf/form_english/number-up-2-orientation-requested-5-print-scaling--abb7f6e0.pdf	pdftopdf	corpus/pdf/form_english.pdf	application/pdf	application/pdf	pdftopdf	1	1	iso_a4_210x297mm	1	number-up=2 orientation-requested=5 print-scaling=none page-set=odd sides=two-sided-short-edge page-border=single media=na_letter_8.5x11in
pdftopdf/form_english/number-up-2-orientation-requested-6-page-set-even--e8135f6f.pdf	pdftopdf	corpus/pdf/form_english.pdf	application/pdf	application/pdf	pdftopdf	1	1	iso_a4_210x297mm	1	number-up=2 orientation-requested=6 page-set=even media=na_letter_8.5x11in output-order=reverse
pdftopdf/form_english/number-up-4-print-scaling-none-sides-two-sided-sho-2a337940.pdf	pdftopdf	corpus/pdf/form_english.pdf	application/pdf	application/pdf	pdftopdf	1	1	iso_a4_210x297mm	1	number-up=4 print-scaling=none sides=two-sided-short-edge mirror=true media=na_letter_8.5x11in output-order=reverse
pdftopdf/form_english/number-up-4-orientation-requested-4-print-scaling--50b0bedf.pdf	pdftopdf	corpus/pdf/form_english.pdf	application/pdf	application/pdf	pdftopdf	1	1	iso_a4_210x297mm	1	number-up=4 orientation-requested=4 print-scaling=fit page-set=odd mirror=true page-border=single output-order=reverse
pdftopdf/form_english/number-up-4-orientation-requested-5.pdf	pdftopdf	corpus/pdf/form_english.pdf	application/pdf	application/pdf	pdftopdf	1	1	iso_a4_210x297mm	1	number-up=4 orientation-requested=5
pdftopdf/form_english/number-up-4-orientation-requested-6-print-scaling--9dfdcd8c.pdf	pdftopdf	corpus/pdf/form_english.pdf	application/pdf	application/pdf	pdftopdf	1	1	iso_a4_210x297mm	1	number-up=4 orientation-requested=6 print-scaling=none page-set=even sides=two-sided-long-edge media=na_letter_8.5x11in
pdftopdf/form_english/number-up-4-print-scaling-fill-page-border-single.pdf	pdftopdf	corpus/pdf/form_english.pdf	application/pdf	application/pdf	pdftopdf	1	1	iso_a4_210x297mm	1	number-up=4 print-scaling=fill page-border=single
pdftopdf/form_english/number-up-6-page-set-even-sides-two-sided-long-edg-63dc2368.pdf	pdftopdf	corpus/pdf/form_english.pdf	application/pdf	application/pdf	pdftopdf	1	1	iso_a4_210x297mm	1	number-up=6 page-set=even sides=two-sided-long-edge mirror=true media=na_letter_8.5x11in output-order=reverse
pdftopdf/form_english/number-up-6-orientation-requested-4-print-scaling--257889da.pdf	pdftopdf	corpus/pdf/form_english.pdf	application/pdf	application/pdf	pdftopdf	1	1	iso_a4_210x297mm	1	number-up=6 orientation-requested=4 print-scaling=fill sides=two-sided-short-edge page-border=single
pdftopdf/form_english/number-up-6-orientation-requested-5-print-scaling--87124e38.pdf	pdftopdf	corpus/pdf/form_english.pdf	application/pdf	application/pdf	pdftopdf	1	1	iso_a4_210x297mm	1	number-up=6 orientation-requested=5 print-scaling=fit page-set=even sides=two-sided-short-edge mirror=true page-border=single media=na_letter_8.5x11in
pdftopdf/form_english/number-up-6-orientation-requested-6-print-scaling--a2e6d38e.pdf	pdftopdf	corpus/pdf/form_english.pdf	application/pdf	application/pdf	pdftopdf	1	1	iso_a4_210x297mm	1	number-up=6 orientation-requested=6 print-scaling=none page-set=odd page-border=single media=na_letter_8.5x11in output-order=reverse
pdftopdf/form_english/orientation-requested-4-page-set-even-sides-two-si-db0f91eb.pdf	pdftopdf	corpus/pdf/form_english.pdf	application/pdf	application/pdf	pdftopdf	1	1	iso_a4_210x297mm	1	orientation-requested=4 page-set=even sides=two-sided-long-edge
pdftopdf/form_english/number-up-2-orientation-requested-5-print-scaling--c36ee955.pdf	pdftopdf	corpus/pdf/form_english.pdf	application/pdf	application/pdf	pdftopdf	1	1	iso_a4_210x297mm	1	number-up=2 orientation-requested=5 print-scaling=fill page-set=even sides=two-sided-long-edge mirror=true
pdftopdf/form_english/orientation-requested-6-print-scaling-fit-mirror-t-84e2532f.pdf	pdftopdf	corpus/pdf/form_english.pdf	application/pdf	application/pdf	pdftopdf	1	1	iso_a4_210x297mm	1	orientation-requested=6 print-scaling=fit mirror=true media=na_letter_8.5x11in output-order=reverse
pdftopdf/form_english/default-copies2.pdf	pdftopdf	corpus/pdf/form_english.pdf	application/pdf	application/pdf	pdftopdf	1	1	iso_a4_210x297mm	2	
pdftopdf/form_english/collate-false-copies2.pdf	pdftopdf	corpus/pdf/form_english.pdf	application/pdf	application/pdf	pdftopdf	1	1	iso_a4_210x297mm	2	collate=false
pdftopdf/form_english/default-mono-printer-simplex-printer.pdf	pdftopdf	corpus/pdf/form_english.pdf	application/pdf	application/pdf	pdftopdf	0	0	iso_a4_210x297mm	1	
pdftoraster/form_english/default.pwg	pdftoraster	corpus/pdf/form_english.pdf	application/pdf	image/pwg-raster	pdftopdf,pdftoraster	1	1	iso_a4_210x297mm	1	
pdftoraster/form_english/print-color-mode-monochrome.pwg	pdftoraster	corpus/pdf/form_english.pdf	application/pdf	image/pwg-raster	pdftopdf,pdftoraster	1	1	iso_a4_210x297mm	1	print-color-mode=monochrome
pdftoraster/form_english/print-color-mode-color.pwg	pdftoraster	corpus/pdf/form_english.pdf	application/pdf	image/pwg-raster	pdftopdf,pdftoraster	1	1	iso_a4_210x297mm	1	print-color-mode=color
pdftoraster/form_english/printer-resolution-600dpi.pwg	pdftoraster	corpus/pdf/form_english.pdf	application/pdf	image/pwg-raster	pdftopdf,pdftoraster	1	1	iso_a4_210x297mm	1	printer-resolution=600dpi
pdftoraster/form_english/print-quality-3.pwg	pdftoraster	corpus/pdf/form_english.pdf	application/pdf	image/pwg-raster	pdftopdf,pdftoraster	1	1	iso_a4_210x297mm	1	print-quality=3
pdftoraster/form_english/print-quality-5.pwg	pdftoraster	corpus/pdf/form_english.pdf	application/pdf	image/pwg-raster	pdftopdf,pdftoraster	1	1	iso_a4_210x297mm	1	print-quality=5
pdftoraster/form_english/sides-two-sided-long-edge.pwg	pdftoraster	corpus/pdf/form_english.pdf	application/pdf	image/pwg-raster	pdftopdf,pdftoraster	1	1	iso_a4_210x297mm	1	sides=two-sided-long-edge
pdftoraster/form_english/sides-two-sided-short-edge.pwg	pdftoraster	corpus/pdf/form_english.pdf	application/pdf	image/pwg-raster	pdftopdf,pdftoraster	1	1	iso_a4_210x297mm	1	sides=two-sided-short-edge
pdftoraster/form_english/orientation-requested-4.pwg	pdftoraster	corpus/pdf/form_english.pdf	application/pdf	image/pwg-raster	pdftopdf,pdftoraster	1	1	iso_a4_210x297mm	1	orientation-requested=4
pdftoraster/form_english/number-up-2.pwg	pdftoraster	corpus/pdf/form_english.pdf	application/pdf	image/pwg-raster	pdftopdf,pdftoraster	1	1	iso_a4_210x297mm	1	number-up=2
pdftoraster/form_english/media-na-letter-8-5x11in.pwg	pdftoraster	corpus/pdf/form_english.pdf	application/pdf	image/pwg-raster	pdftopdf,pdftoraster	1	1	iso_a4_210x297mm	1	media=na_letter_8.5x11in
pdftoraster/form_english/print-scaling-fill.pwg	pdftoraster	corpus/pdf/form_english.pdf	application/pdf	image/pwg-raster	pdftopdf,pdftoraster	1	1	iso_a4_210x297mm	1	print-scaling=fill
pdftoraster/form_english/default-mono-printer.pwg	pdftoraster	corpus/pdf/form_english.pdf	application/pdf	image/pwg-raster	pdftopdf,pdftoraster	0	1	iso_a4_210x297mm	1	
pdftoraster/form_english/default.urf	pdftoraster	corpus/pdf/form_english.pdf	application/pdf	image/urf	pdftopdf,pdftoraster	1	1	iso_a4_210x297mm	1	
pdftoraster/form_english/default.ras	pdftoraster	corpus/pdf/form_english.pdf	application/pdf	application/vnd.cups-raster	pdftopdf,pdftoraster	1	1	iso_a4_210x297mm	1	
pdftopdf/inherited_mediabox/default.pdf	pdftopdf	corpus/pdf/inherited_mediabox.pdf	application/pdf	application/pdf	pdftopdf	1	1	iso_a4_210x297mm	1	
pdftopdf/inherited_mediabox/number-up-2.pdf	pdftopdf	corpus/pdf/inherited_mediabox.pdf	application/pdf	application/pdf	pdftopdf	1	1	iso_a4_210x297mm	1	number-up=2
pdftopdf/inherited_mediabox/number-up-3.pdf	pdftopdf	corpus/pdf/inherited_mediabox.pdf	application/pdf	application/pdf	pdftopdf	1	1	iso_a4_210x297mm	1	number-up=3
pdftopdf/inherited_mediabox/number-up-4.pdf	pdftopdf	corpus/pdf/inherited_mediabox.pdf	application/pdf	application/pdf	pdftopdf	1	1	iso_a4_210x297mm	1	number-up=4
pdftopdf/inherited_mediabox/number-up-6.pdf	pdftopdf	corpus/pdf/inherited_mediabox.pdf	application/pdf	application/pdf	pdftopdf	1	1	iso_a4_210x297mm	1	number-up=6
pdftopdf/inherited_mediabox/number-up-8.pdf	pdftopdf	corpus/pdf/inherited_mediabox.pdf	application/pdf	application/pdf	pdftopdf	1	1	iso_a4_210x297mm	1	number-up=8
pdftopdf/inherited_mediabox/number-up-9.pdf	pdftopdf	corpus/pdf/inherited_mediabox.pdf	application/pdf	application/pdf	pdftopdf	1	1	iso_a4_210x297mm	1	number-up=9
pdftopdf/inherited_mediabox/number-up-10.pdf	pdftopdf	corpus/pdf/inherited_mediabox.pdf	application/pdf	application/pdf	pdftopdf	1	1	iso_a4_210x297mm	1	number-up=10
pdftopdf/inherited_mediabox/number-up-12.pdf	pdftopdf	corpus/pdf/inherited_mediabox.pdf	application/pdf	application/pdf	pdftopdf	1	1	iso_a4_210x297mm	1	number-up=12
pdftopdf/inherited_mediabox/number-up-15.pdf	pdftopdf	corpus/pdf/inherited_mediabox.pdf	application/pdf	application/pdf	pdftopdf	1	1	iso_a4_210x297mm	1	number-up=15
pdftopdf/inherited_mediabox/number-up-16.pdf	pdftopdf	corpus/pdf/inherited_mediabox.pdf	application/pdf	application/pdf	pdftopdf	1	1	iso_a4_210x297mm	1	number-up=16
pdftopdf/inherited_mediabox/number-up-4-number-up-layout-lrtb.pdf	pdftopdf	corpus/pdf/inherited_mediabox.pdf	application/pdf	application/pdf	pdftopdf	1	1	iso_a4_210x297mm	1	number-up=4 number-up-layout=lrtb
pdftopdf/inherited_mediabox/number-up-4-number-up-layout-rltb.pdf	pdftopdf	corpus/pdf/inherited_mediabox.pdf	application/pdf	application/pdf	pdftopdf	1	1	iso_a4_210x297mm	1	number-up=4 number-up-layout=rltb
pdftopdf/inherited_mediabox/number-up-4-number-up-layout-tblr.pdf	pdftopdf	corpus/pdf/inherited_mediabox.pdf	application/pdf	application/pdf	pdftopdf	1	1	iso_a4_210x297mm	1	number-up=4 number-up-layout=tblr
pdftopdf/inherited_mediabox/number-up-4-number-up-layout-btlr.pdf	pdftopdf	corpus/pdf/inherited_mediabox.pdf	application/pdf	application/pdf	pdftopdf	1	1	iso_a4_210x297mm	1	number-up=4 number-up-layout=btlr
pdftopdf/inherited_mediabox/number-up-4-number-up-layout-lrbt.pdf	pdftopdf	corpus/pdf/inherited_mediabox.pdf	application/pdf	application/pdf	pdftopdf	1	1	iso_a4_210x297mm	1	number-up=4 number-up-layout=lrbt
pdftopdf/inherited_mediabox/number-up-4-number-up-layout-rlbt.pdf	pdftopdf	corpus/pdf/inherited_mediabox.pdf	application/pdf	application/pdf	pdftopdf	1	1	iso_a4_210x297mm	1	number-up=4 number-up-layout=rlbt
pdftopdf/inherited_mediabox/number-up-4-number-up-layout-tbrl.pdf	pdftopdf	corpus/pdf/inherited_mediabox.pdf	application/pdf	application/pdf	pdftopdf	1	1	iso_a4_210x297mm	1	number-up=4 number-up-layout=tbrl
pdftopdf/inherited_mediabox/number-up-4-number-up-layout-btrl.pdf	pdftopdf	corpus/pdf/inherited_mediabox.pdf	application/pdf	application/pdf	pdftopdf	1	1	iso_a4_210x297mm	1	number-up=4 number-up-layout=btrl
pdftopdf/inherited_mediabox/number-up-2-page-border-single.pdf	pdftopdf	corpus/pdf/inherited_mediabox.pdf	application/pdf	application/pdf	pdftopdf	1	1	iso_a4_210x297mm	1	number-up=2 page-border=single
pdftopdf/inherited_mediabox/number-up-2-page-border-single-thick.pdf	pdftopdf	corpus/pdf/inherited_mediabox.pdf	application/pdf	application/pdf	pdftopdf	1	1	iso_a4_210x297mm	1	number-up=2 page-border=single-thick
pdftopdf/inherited_mediabox/number-up-2-page-border-double.pdf	pdftopdf	corpus/pdf/inherited_mediabox.pdf	application/pdf	application/pdf	pdftopdf	1	1	iso_a4_210x297mm	1	number-up=2 page-border=double
pdftopdf/inherited_mediabox/number-up-2-page-border-double-thick.pdf	pdftopdf	corpus/pdf/inherited_mediabox.pdf	application/pdf	application/pdf	pdftopdf	1	1	iso_a4_210x297mm	1	number-up=2 page-border=double-thick
pdftopdf/inherited_mediabox/orientation-requested-3.pdf	pdftopdf	corpus/pdf/inherited_mediabox.pdf	application/pdf	application/pdf	pdftopdf	1	1	iso_a4_210x297mm	1	orientation-requested=3
pdftopdf/inherited_mediabox/orientation-requested-4.pdf	pdftopdf	corpus/pdf/inherited_mediabox.pdf	application/pdf	application/pdf	pdftopdf	1	1	iso_a4_210x297mm	1	orientation-requested=4
pdftopdf/inherited_mediabox/orientation-requested-5.pdf	pdftopdf	corpus/pdf/inherited_mediabox.pdf	application/pdf	application/pdf	pdftopdf	1	1	iso_a4_210x297mm	1	orientation-requested=5
pdftopdf/inherited_mediabox/orientation-requested-6.pdf	pdftopdf	corpus/pdf/inherited_mediabox.pdf	application/pdf	application/pdf	pdftopdf	1	1	iso_a4_210x297mm	1	orientation-requested=6
pdftopdf/inherited_mediabox/landscape-true.pdf	pdftopdf	corpus/pdf/inherited_mediabox.pdf	application/pdf	application/pdf	pdftopdf	1	1	iso_a4_210x297mm	1	landscape=true
pdftopdf/inherited_mediabox/pdfAutoRotate-false.pdf	pdftopdf	corpus/pdf/inherited_mediabox.pdf	application/pdf	application/pdf	pdftopdf	1	1	iso_a4_210x297mm	1	pdfAutoRotate=false
pdftopdf/inherited_mediabox/nopdfAutoRotate-true.pdf	pdftopdf	corpus/pdf/inherited_mediabox.pdf	application/pdf	application/pdf	pdftopdf	1	1	iso_a4_210x297mm	1	nopdfAutoRotate=true
pdftopdf/inherited_mediabox/page-ranges-1.pdf	pdftopdf	corpus/pdf/inherited_mediabox.pdf	application/pdf	application/pdf	pdftopdf	1	1	iso_a4_210x297mm	1	page-ranges=1
pdftopdf/inherited_mediabox/page-ranges-2-3.pdf	pdftopdf	corpus/pdf/inherited_mediabox.pdf	application/pdf	application/pdf	pdftopdf	1	1	iso_a4_210x297mm	1	page-ranges=2-3
pdftopdf/inherited_mediabox/page-ranges-1-3.pdf	pdftopdf	corpus/pdf/inherited_mediabox.pdf	application/pdf	application/pdf	pdftopdf	1	1	iso_a4_210x297mm	1	page-ranges=1,3
pdftopdf/inherited_mediabox/page-ranges-2.pdf	pdftopdf	corpus/pdf/inherited_mediabox.pdf	application/pdf	application/pdf	pdftopdf	1	1	iso_a4_210x297mm	1	page-ranges=2-
pdftopdf/inherited_mediabox/page-ranges-1-2-4.pdf	pdftopdf	corpus/pdf/inherited_mediabox.pdf	application/pdf	application/pdf	pdftopdf	1	1	iso_a4_210x297mm	1	page-ranges=1-2,4
pdftopdf/inherited_mediabox/page-set-odd.pdf	pdftopdf	corpus/pdf/inherited_mediabox.pdf	application/pdf	application/pdf	pdftopdf	1	1	iso_a4_210x297mm	1	page-set=odd
pdftopdf/inherited_mediabox/page-set-even.pdf	pdftopdf	corpus/pdf/inherited_mediabox.pdf	application/pdf	application/pdf	pdftopdf	1	1	iso_a4_210x297mm	1	page-set=even
pdftopdf/inherited_mediabox/output-order-reverse.pdf	pdftopdf	corpus/pdf/inherited_mediabox.pdf	application/pdf	application/pdf	pdftopdf	1	1	iso_a4_210x297mm	1	output-order=reverse
pdftopdf/inherited_mediabox/outputorder-reverse.pdf	pdftopdf	corpus/pdf/inherited_mediabox.pdf	application/pdf	application/pdf	pdftopdf	1	1	iso_a4_210x297mm	1	outputorder=reverse
pdftopdf/inherited_mediabox/sides-one-sided.pdf	pdftopdf	corpus/pdf/inherited_mediabox.pdf	application/pdf	application/pdf	pdftopdf	1	1	iso_a4_210x297mm	1	sides=one-sided
pdftopdf/inherited_mediabox/sides-two-sided-long-edge.pdf	pdftopdf	corpus/pdf/inherited_mediabox.pdf	application/pdf	application/pdf	pdftopdf	1	1	iso_a4_210x297mm	1	sides=two-sided-long-edge
pdftopdf/inherited_mediabox/sides-two-sided-short-edge.pdf	pdftopdf	corpus/pdf/inherited_mediabox.pdf	application/pdf	application/pdf	pdftopdf	1	1	iso_a4_210x297mm	1	sides=two-sided-short-edge
pdftopdf/inherited_mediabox/sides-two-sided-long-edge-even-duplex-true.pdf	pdftopdf	corpus/pdf/inherited_mediabox.pdf	application/pdf	application/pdf	pdftopdf	1	1	iso_a4_210x297mm	1	sides=two-sided-long-edge even-duplex=true
pdftopdf/inherited_mediabox/booklet-on.pdf	pdftopdf	corpus/pdf/inherited_mediabox.pdf	application/pdf	application/pdf	pdftopdf	1	1	iso_a4_210x297mm	1	booklet=on
pdftopdf/inherited_mediabox/booklet-on-sides-two-sided-short-edge.pdf	pdftopdf	corpus/pdf/inherited_mediabox.pdf	application/pdf	application/pdf	pdftopdf	1	1	iso_a4_210x297mm	1	booklet=on sides=two-sided-short-edge
pdftopdf/inherited_mediabox/imposition-template-booklet.pdf	pdftopdf	corpus/pdf/inherited_mediabox.pdf	application/pdf	application/pdf	pdftopdf	1	1	iso_a4_210x297mm	1	imposition-template=booklet
pdftopdf/inherited_mediabox/mirror-true.pdf	pdftopdf	corpus/pdf/inherited_mediabox.pdf	application/pdf	application/pdf	pdftopdf	1	1	iso_a4_210x297mm	1	mirror=true
pdftopdf/inherited_mediabox/print-scaling-auto.pdf	pdftopdf	corpus/pdf/inherited_mediabox.pdf	application/pdf	application/pdf	pdftopdf	1	1	iso_a4_210x297mm	1	print-scaling=auto
pdftopdf/inherited_mediabox/print-scaling-auto-fit.pdf	pdftopdf	corpus/pdf/inherited_mediabox.pdf	application/pdf	application/pdf	pdftopdf	1	1	iso_a4_210x297mm	1	print-scaling=auto-fit
pdftopdf/inherited_mediabox/print-scaling-fill.pdf	pdftopdf	corpus/pdf/inherited_mediabox.pdf	application/pdf	application/pdf	pdftopdf	1	1	iso_a4_210x297mm	1	print-scaling=fill
pdftopdf/inherited_mediabox/print-scaling-fit.pdf	pdftopdf	corpus/pdf/inherited_mediabox.pdf	application/pdf	application/pdf	pdftopdf	1	1	iso_a4_210x297mm	1	print-scaling=fit
pdftopdf/inherited_mediabox/print-scaling-none.pdf	pdftopdf	corpus/pdf/inherited_mediabox.pdf	application/pdf	application/pdf	pdftopdf	1	1	iso_a4_210x297mm	1	print-scaling=none
pdftopdf/inherited_mediabox/fit-to-page-true.pdf	pdftopdf	corpus/pdf/inherited_mediabox.pdf	application/pdf	application/pdf	pdftopdf	1	1	iso_a4_210x297mm	1	fit-to-page=true
pdftopdf/inherited_mediabox/fill-true.pdf	pdftopdf	corpus/pdf/inherited_mediabox.pdf	application/pdf	application/pdf	pdftopdf	1	1	iso_a4_210x297mm	1	fill=true
pdftopdf/inherited_mediabox/crop-to-fit-true.pdf	pdftopdf	corpus/pdf/inherited_mediabox.pdf	application/pdf	application/pdf	pdftopdf	1	1	iso_a4_210x297mm	1	crop-to-fit=true
pdftopdf/inherited_mediabox/nofit-to-page-true.pdf	pdftopdf	corpus/pdf/inherited_mediabox.pdf	application/pdf	application/pdf	pdftopdf	1	1	iso_a4_210x297mm	1	nofit-to-page=true
pdftopdf/inherited_mediabox/position-center.pdf	pdftopdf	corpus/pdf/inherited_mediabox.pdf	application/pdf	application/pdf	pdftopdf	1	1	iso_a4_210x297mm	1	position=center
pdftopdf/inherited_mediabox/position-top.pdf	pdftopdf	corpus/pdf/inherited_mediabox.pdf	application/pdf	application/pdf	pdftopdf	1	1	iso_a4_210x297mm	1	position=top
pdftopdf/inherited_mediabox/position-bottom.pdf	pdftopdf	corpus/pdf/inherited_mediabox.pdf	application/pdf	application/pdf	pdftopdf	1	1	iso_a4_210x297mm	1	position=bottom
pdftopdf/inherited_mediabox/position-left.pdf	pdftopdf	corpus/pdf/inherited_mediabox.pdf	application/pdf	application/pdf	pdftopdf	1	1	iso_a4_210x297mm	1	position=left
pdftopdf/inherited_mediabox/position-right.pdf	pdftopdf	corpus/pdf/inherited_mediabox.pdf	application/pdf	application/pdf	pdftopdf	1	1	iso_a4_210x297mm	1	position=right
pdftopdf/inherited_mediabox/position-top-left.pdf	pdftopdf	corpus/pdf/inherited_mediabox.pdf	application/pdf	application/pdf	pdftopdf	1	1	iso_a4_210x297mm	1	position=top-left
pdftopdf/inherited_mediabox/position-bottom-right.pdf	pdftopdf	corpus/pdf/inherited_mediabox.pdf	application/pdf	application/pdf	pdftopdf	1	1	iso_a4_210x297mm	1	position=bottom-right
pdftopdf/inherited_mediabox/page-left-36-page-right-36-page-top-72-page-bottom-21dfcfa5.pdf	pdftopdf	corpus/pdf/inherited_mediabox.pdf	application/pdf	application/pdf	pdftopdf	1	1	iso_a4_210x297mm	1	page-left=36 page-right=36 page-top=72 page-bottom=72 fit-to-page=true
pdftopdf/inherited_mediabox/media-na-letter-8-5x11in.pdf	pdftopdf	corpus/pdf/inherited_mediabox.pdf	application/pdf	application/pdf	pdftopdf	1	1	iso_a4_210x297mm	1	media=na_letter_8.5x11in
pdftopdf/inherited_mediabox/media-na-legal-8-5x14in.pdf	pdftopdf	corpus/pdf/inherited_mediabox.pdf	application/pdf	application/pdf	pdftopdf	1	1	iso_a4_210x297mm	1	media=na_legal_8.5x14in
pdftopdf/inherited_mediabox/media-iso-a5-148x210mm.pdf	pdftopdf	corpus/pdf/inherited_mediabox.pdf	application/pdf	application/pdf	pdftopdf	1	1	iso_a4_210x297mm	1	media=iso_a5_148x210mm
pdftopdf/inherited_mediabox/media-iso-a3-297x420mm.pdf	pdftopdf	corpus/pdf/inherited_mediabox.pdf	application/pdf	application/pdf	pdftopdf	1	1	iso_a4_210x297mm	1	media=iso_a3_297x420mm
pdftopdf/inherited_mediabox/page-label-REGRESSION-LABEL.pdf	pdftopdf	corpus/pdf/inherited_mediabox.pdf	application/pdf	application/pdf	pdftopdf	1	1	iso_a4_210x297mm	1	page-label=REGRESSION-LABEL
pdftopdf/inherited_mediabox/multiple-document-handling-separate-documents-coll-3d1a7cf7.pdf	pdftopdf	corpus/pdf/inherited_mediabox.pdf	application/pdf	application/pdf	pdftopdf	1	1	iso_a4_210x297mm	1	multiple-document-handling=separate-documents-collated-copies
pdftopdf/inherited_mediabox/multiple-document-handling-separate-documents-unco-af2d881a.pdf	pdftopdf	corpus/pdf/inherited_mediabox.pdf	application/pdf	application/pdf	pdftopdf	1	1	iso_a4_210x297mm	1	multiple-document-handling=separate-documents-uncollated-copies
pdftopdf/inherited_mediabox/collate-true.pdf	pdftopdf	corpus/pdf/inherited_mediabox.pdf	application/pdf	application/pdf	pdftopdf	1	1	iso_a4_210x297mm	1	collate=true
pdftopdf/inherited_mediabox/collate-false.pdf	pdftopdf	corpus/pdf/inherited_mediabox.pdf	application/pdf	application/pdf	pdftopdf	1	1	iso_a4_210x297mm	1	collate=false
pdftopdf/inherited_mediabox/page-set-odd-sides-two-sided-short-edge-mirror-tru-88f44847.pdf	pdftopdf	corpus/pdf/inherited_mediabox.pdf	application/pdf	application/pdf	pdftopdf	1	1	iso_a4_210x297mm	1	page-set=odd sides=two-sided-short-edge mirror=true page-border=single media=na_letter_8.5x11in output-order=reverse
pdftopdf/inherited_mediabox/orientation-requested-4-print-scaling-none-mirror-true.pdf	pdftopdf	corpus/pdf/inherited_mediabox.pdf	application/pdf	application/pdf	pdftopdf	1	1	iso_a4_210x297mm	1	orientation-requested=4 print-scaling=none mirror=true
pdftopdf/inherited_mediabox/orientation-requested-5-print-scaling-fit-page-set-aabd8fa3.pdf	pdftopdf	corpus/pdf/inherited_mediabox.pdf	application/pdf	application/pdf	pdftopdf	1	1	iso_a4_210x297mm	1	orientation-requested=5 print-scaling=fit page-set=even sides=two-sided-long-edge media=na_letter_8.5x11in output-order=reverse
pdftopdf/inherited_mediabox/orientation-requested-6-print-scaling-fill-page-se-8c7a4ecd.pdf	pdftopdf	corpus/pdf/inherited_mediabox.pdf	application/pdf	application/pdf	pdftopdf	1	1	iso_a4_210x297mm	1	orientation-requested=6 print-scaling=fill page-set=even sides=two-sided-short-edge mirror=true page-border=single
pdftopdf/inherited_mediabox/number-up-2-print-scaling-fit-sides-two-sided-long-576d7fb6.pdf	pdftopdf	corpus/pdf/inherited_mediabox.pdf	application/pdf	application/pdf	pdftopdf	1	1	iso_a4_210x297mm	1	number-up=2 print-scaling=fit sides=two-sided-long-edge page-border=single
pdftopdf/inherited_mediabox/number-up-2-orientation-requested-4-print-scaling--ce78b144.pdf	pdftopdf	corpus/pdf/inherited_mediabox.pdf	application/pdf	application/pdf	pdftopdf	1	1	iso_a4_210x297mm	1	number-up=2 orientation-requested=4 print-scaling=fill page-set=odd sides=two-sided-long-edge mirror=true media=na_letter_8.5x11in output-order=reverse
pdftopdf/inherited_mediabox/number-up-2-orientation-requested-5-print-scaling--abb7f6e0.pdf	pdftopdf	corpus/pdf/inherited_mediabox.pdf	application/pdf	application/pdf	pdftopdf	1	1	iso_a4_210x297mm	1	number-up=2 orientation-requested=5 print-scaling=none page-set=odd sides=two-sided-short-edge page-border=single media=na_letter_8.5x11in
pdftopdf/inherited_mediabox/number-up-2-orientation-requested-6-page-set-even--e8135f6f.pdf	pdftopdf	corpus/pdf/inherited_mediabox.pdf	application/pdf	application/pdf	pdftopdf	1	1	iso_a4_210x297mm	1	number-up=2 orientation-requested=6 page-set=even media=na_letter_8.5x11in output-order=reverse
pdftopdf/inherited_mediabox/number-up-4-print-scaling-none-sides-two-sided-sho-2a337940.pdf	pdftopdf	corpus/pdf/inherited_mediabox.pdf	application/pdf	application/pdf	pdftopdf	1	1	iso_a4_210x297mm	1	number-up=4 print-scaling=none sides=two-sided-short-edge mirror=true media=na_letter_8.5x11in output-order=reverse
pdftopdf/inherited_mediabox/number-up-4-orientation-requested-4-print-scaling--50b0bedf.pdf	pdftopdf	corpus/pdf/inherited_mediabox.pdf	application/pdf	application/pdf	pdftopdf	1	1	iso_a4_210x297mm	1	number-up=4 orientation-requested=4 print-scaling=fit page-set=odd mirror=true page-border=single output-order=reverse
pdftopdf/inherited_mediabox/number-up-4-orientation-requested-5.pdf	pdftopdf	corpus/pdf/inherited_mediabox.pdf	application/pdf	application/pdf	pdftopdf	1	1	iso_a4_210x297mm	1	number-up=4 orientation-requested=5
pdftopdf/inherited_mediabox/number-up-4-orientation-requested-6-print-scaling--9dfdcd8c.pdf	pdftopdf	corpus/pdf/inherited_mediabox.pdf	application/pdf	application/pdf	pdftopdf	1	1	iso_a4_210x297mm	1	number-up=4 orientation-requested=6 print-scaling=none page-set=even sides=two-sided-long-edge media=na_letter_8.5x11in
pdftopdf/inherited_mediabox/number-up-4-print-scaling-fill-page-border-single.pdf	pdftopdf	corpus/pdf/inherited_mediabox.pdf	application/pdf	application/pdf	pdftopdf	1	1	iso_a4_210x297mm	1	number-up=4 print-scaling=fill page-border=single
pdftopdf/inherited_mediabox/number-up-6-page-set-even-sides-two-sided-long-edg-63dc2368.pdf	pdftopdf	corpus/pdf/inherited_mediabox.pdf	application/pdf	application/pdf	pdftopdf	1	1	iso_a4_210x297mm	1	number-up=6 page-set=even sides=two-sided-long-edge mirror=true media=na_letter_8.5x11in output-order=reverse
pdftopdf/inherited_mediabox/number-up-6-orientation-requested-4-print-scaling--257889da.pdf	pdftopdf	corpus/pdf/inherited_mediabox.pdf	application/pdf	application/pdf	pdftopdf	1	1	iso_a4_210x297mm	1	number-up=6 orientation-requested=4 print-scaling=fill sides=two-sided-short-edge page-border=single
pdftopdf/inherited_mediabox/number-up-6-orientation-requested-5-print-scaling--87124e38.pdf	pdftopdf	corpus/pdf/inherited_mediabox.pdf	application/pdf	application/pdf	pdftopdf	1	1	iso_a4_210x297mm	1	number-up=6 orientation-requested=5 print-scaling=fit page-set=even sides=two-sided-short-edge mirror=true page-border=single media=na_letter_8.5x11in
pdftopdf/inherited_mediabox/number-up-6-orientation-requested-6-print-scaling--a2e6d38e.pdf	pdftopdf	corpus/pdf/inherited_mediabox.pdf	application/pdf	application/pdf	pdftopdf	1	1	iso_a4_210x297mm	1	number-up=6 orientation-requested=6 print-scaling=none page-set=odd page-border=single media=na_letter_8.5x11in output-order=reverse
pdftopdf/inherited_mediabox/orientation-requested-4-page-set-even-sides-two-si-db0f91eb.pdf	pdftopdf	corpus/pdf/inherited_mediabox.pdf	application/pdf	application/pdf	pdftopdf	1	1	iso_a4_210x297mm	1	orientation-requested=4 page-set=even sides=two-sided-long-edge
pdftopdf/inherited_mediabox/number-up-2-orientation-requested-5-print-scaling--c36ee955.pdf	pdftopdf	corpus/pdf/inherited_mediabox.pdf	application/pdf	application/pdf	pdftopdf	1	1	iso_a4_210x297mm	1	number-up=2 orientation-requested=5 print-scaling=fill page-set=even sides=two-sided-long-edge mirror=true
pdftopdf/inherited_mediabox/orientation-requested-6-print-scaling-fit-mirror-t-84e2532f.pdf	pdftopdf	corpus/pdf/inherited_mediabox.pdf	application/pdf	application/pdf	pdftopdf	1	1	iso_a4_210x297mm	1	orientation-requested=6 print-scaling=fit mirror=true media=na_letter_8.5x11in output-order=reverse
pdftopdf/inherited_mediabox/default-copies2.pdf	pdftopdf	corpus/pdf/inherited_mediabox.pdf	application/pdf	application/pdf	pdftopdf	1	1	iso_a4_210x297mm	2	
pdftopdf/inherited_mediabox/collate-false-copies2.pdf	pdftopdf	corpus/pdf/inherited_mediabox.pdf	application/pdf	application/pdf	pdftopdf	1	1	iso_a4_210x297mm	2	collate=false
pdftopdf/inherited_mediabox/default-mono-printer-simplex-printer.pdf	pdftopdf	corpus/pdf/inherited_mediabox.pdf	application/pdf	application/pdf	pdftopdf	0	0	iso_a4_210x297mm	1	
pdftoraster/inherited_mediabox/default.pwg	pdftoraster	corpus/pdf/inherited_mediabox.pdf	application/pdf	image/pwg-raster	pdftopdf,pdftoraster	1	1	iso_a4_210x297mm	1	
pdftoraster/inherited_mediabox/print-color-mode-monochrome.pwg	pdftoraster	corpus/pdf/inherited_mediabox.pdf	application/pdf	image/pwg-raster	pdftopdf,pdftoraster	1	1	iso_a4_210x297mm	1	print-color-mode=monochrome
pdftoraster/inherited_mediabox/print-color-mode-color.pwg	pdftoraster	corpus/pdf/inherited_mediabox.pdf	application/pdf	image/pwg-raster	pdftopdf,pdftoraster	1	1	iso_a4_210x297mm	1	print-color-mode=color
pdftoraster/inherited_mediabox/printer-resolution-600dpi.pwg	pdftoraster	corpus/pdf/inherited_mediabox.pdf	application/pdf	image/pwg-raster	pdftopdf,pdftoraster	1	1	iso_a4_210x297mm	1	printer-resolution=600dpi
pdftoraster/inherited_mediabox/print-quality-3.pwg	pdftoraster	corpus/pdf/inherited_mediabox.pdf	application/pdf	image/pwg-raster	pdftopdf,pdftoraster	1	1	iso_a4_210x297mm	1	print-quality=3
pdftoraster/inherited_mediabox/print-quality-5.pwg	pdftoraster	corpus/pdf/inherited_mediabox.pdf	application/pdf	image/pwg-raster	pdftopdf,pdftoraster	1	1	iso_a4_210x297mm	1	print-quality=5
pdftoraster/inherited_mediabox/sides-two-sided-long-edge.pwg	pdftoraster	corpus/pdf/inherited_mediabox.pdf	application/pdf	image/pwg-raster	pdftopdf,pdftoraster	1	1	iso_a4_210x297mm	1	sides=two-sided-long-edge
pdftoraster/inherited_mediabox/sides-two-sided-short-edge.pwg	pdftoraster	corpus/pdf/inherited_mediabox.pdf	application/pdf	image/pwg-raster	pdftopdf,pdftoraster	1	1	iso_a4_210x297mm	1	sides=two-sided-short-edge
pdftoraster/inherited_mediabox/orientation-requested-4.pwg	pdftoraster	corpus/pdf/inherited_mediabox.pdf	application/pdf	image/pwg-raster	pdftopdf,pdftoraster	1	1	iso_a4_210x297mm	1	orientation-requested=4
pdftoraster/inherited_mediabox/number-up-2.pwg	pdftoraster	corpus/pdf/inherited_mediabox.pdf	application/pdf	image/pwg-raster	pdftopdf,pdftoraster	1	1	iso_a4_210x297mm	1	number-up=2
pdftoraster/inherited_mediabox/media-na-letter-8-5x11in.pwg	pdftoraster	corpus/pdf/inherited_mediabox.pdf	application/pdf	image/pwg-raster	pdftopdf,pdftoraster	1	1	iso_a4_210x297mm	1	media=na_letter_8.5x11in
pdftoraster/inherited_mediabox/print-scaling-fill.pwg	pdftoraster	corpus/pdf/inherited_mediabox.pdf	application/pdf	image/pwg-raster	pdftopdf,pdftoraster	1	1	iso_a4_210x297mm	1	print-scaling=fill
pdftoraster/inherited_mediabox/default-mono-printer.pwg	pdftoraster	corpus/pdf/inherited_mediabox.pdf	application/pdf	image/pwg-raster	pdftopdf,pdftoraster	0	1	iso_a4_210x297mm	1	
pdftoraster/inherited_mediabox/default.urf	pdftoraster	corpus/pdf/inherited_mediabox.pdf	application/pdf	image/urf	pdftopdf,pdftoraster	1	1	iso_a4_210x297mm	1	
pdftoraster/inherited_mediabox/default.ras	pdftoraster	corpus/pdf/inherited_mediabox.pdf	application/pdf	application/vnd.cups-raster	pdftopdf,pdftoraster	1	1	iso_a4_210x297mm	1	
pdftopdf/malformed/default.pdf	pdftopdf	corpus/pdf/malformed.pdf	application/pdf	application/pdf	pdftopdf	1	1	iso_a4_210x297mm	1	
pdftopdf/malformed/number-up-2.pdf	pdftopdf	corpus/pdf/malformed.pdf	application/pdf	application/pdf	pdftopdf	1	1	iso_a4_210x297mm	1	number-up=2
pdftopdf/malformed/number-up-3.pdf	pdftopdf	corpus/pdf/malformed.pdf	application/pdf	application/pdf	pdftopdf	1	1	iso_a4_210x297mm	1	number-up=3
pdftopdf/malformed/number-up-4.pdf	pdftopdf	corpus/pdf/malformed.pdf	application/pdf	application/pdf	pdftopdf	1	1	iso_a4_210x297mm	1	number-up=4
pdftopdf/malformed/number-up-6.pdf	pdftopdf	corpus/pdf/malformed.pdf	application/pdf	application/pdf	pdftopdf	1	1	iso_a4_210x297mm	1	number-up=6
pdftopdf/malformed/number-up-8.pdf	pdftopdf	corpus/pdf/malformed.pdf	application/pdf	application/pdf	pdftopdf	1	1	iso_a4_210x297mm	1	number-up=8
pdftopdf/malformed/number-up-9.pdf	pdftopdf	corpus/pdf/malformed.pdf	application/pdf	application/pdf	pdftopdf	1	1	iso_a4_210x297mm	1	number-up=9
pdftopdf/malformed/number-up-10.pdf	pdftopdf	corpus/pdf/malformed.pdf	application/pdf	application/pdf	pdftopdf	1	1	iso_a4_210x297mm	1	number-up=10
pdftopdf/malformed/number-up-12.pdf	pdftopdf	corpus/pdf/malformed.pdf	application/pdf	application/pdf	pdftopdf	1	1	iso_a4_210x297mm	1	number-up=12
pdftopdf/malformed/number-up-15.pdf	pdftopdf	corpus/pdf/malformed.pdf	application/pdf	application/pdf	pdftopdf	1	1	iso_a4_210x297mm	1	number-up=15
pdftopdf/malformed/number-up-16.pdf	pdftopdf	corpus/pdf/malformed.pdf	application/pdf	application/pdf	pdftopdf	1	1	iso_a4_210x297mm	1	number-up=16
pdftopdf/malformed/number-up-4-number-up-layout-lrtb.pdf	pdftopdf	corpus/pdf/malformed.pdf	application/pdf	application/pdf	pdftopdf	1	1	iso_a4_210x297mm	1	number-up=4 number-up-layout=lrtb
pdftopdf/malformed/number-up-4-number-up-layout-rltb.pdf	pdftopdf	corpus/pdf/malformed.pdf	application/pdf	application/pdf	pdftopdf	1	1	iso_a4_210x297mm	1	number-up=4 number-up-layout=rltb
pdftopdf/malformed/number-up-4-number-up-layout-tblr.pdf	pdftopdf	corpus/pdf/malformed.pdf	application/pdf	application/pdf	pdftopdf	1	1	iso_a4_210x297mm	1	number-up=4 number-up-layout=tblr
pdftopdf/malformed/number-up-4-number-up-layout-btlr.pdf	pdftopdf	corpus/pdf/malformed.pdf	application/pdf	application/pdf	pdftopdf	1	1	iso_a4_210x297mm	1	number-up=4 number-up-layout=btlr
pdftopdf/malformed/number-up-4-number-up-layout-lrbt.pdf	pdftopdf	corpus/pdf/malformed.pdf	application/pdf	application/pdf	pdftopdf	1	1	iso_a4_210x297mm	1	number-up=4 number-up-layout=lrbt
pdftopdf/malformed/number-up-4-number-up-layout-rlbt.pdf	pdftopdf	corpus/pdf/malformed.pdf	application/pdf	application/pdf	pdftopdf	1	1	iso_a4_210x297mm	1	number-up=4 number-up-layout=rlbt
pdftopdf/malformed/number-up-4-number-up-layout-tbrl.pdf	pdftopdf	corpus/pdf/malformed.pdf	application/pdf	application/pdf	pdftopdf	1	1	iso_a4_210x297mm	1	number-up=4 number-up-layout=tbrl
pdftopdf/malformed/number-up-4-number-up-layout-btrl.pdf	pdftopdf	corpus/pdf/malformed.pdf	application/pdf	application/pdf	pdftopdf	1	1	iso_a4_210x297mm	1	number-up=4 number-up-layout=btrl
pdftopdf/malformed/number-up-2-page-border-single.pdf	pdftopdf	corpus/pdf/malformed.pdf	application/pdf	application/pdf	pdftopdf	1	1	iso_a4_210x297mm	1	number-up=2 page-border=single
pdftopdf/malformed/number-up-2-page-border-single-thick.pdf	pdftopdf	corpus/pdf/malformed.pdf	application/pdf	application/pdf	pdftopdf	1	1	iso_a4_210x297mm	1	number-up=2 page-border=single-thick
pdftopdf/malformed/number-up-2-page-border-double.pdf	pdftopdf	corpus/pdf/malformed.pdf	application/pdf	application/pdf	pdftopdf	1	1	iso_a4_210x297mm	1	number-up=2 page-border=double
pdftopdf/malformed/number-up-2-page-border-double-thick.pdf	pdftopdf	corpus/pdf/malformed.pdf	application/pdf	application/pdf	pdftopdf	1	1	iso_a4_210x297mm	1	number-up=2 page-border=double-thick
pdftopdf/malformed/orientation-requested-3.pdf	pdftopdf	corpus/pdf/malformed.pdf	application/pdf	application/pdf	pdftopdf	1	1	iso_a4_210x297mm	1	orientation-requested=3
pdftopdf/malformed/orientation-requested-4.pdf	pdftopdf	corpus/pdf/malformed.pdf	application/pdf	application/pdf	pdftopdf	1	1	iso_a4_210x297mm	1	orientation-requested=4
pdftopdf/malformed/orientation-requested-5.pdf	pdftopdf	corpus/pdf/malformed.pdf	application/pdf	application/pdf	pdftopdf	1	1	iso_a4_210x297mm	1	orientation-requested=5
pdftopdf/malformed/orientation-requested-6.pdf	pdftopdf	corpus/pdf/malformed.pdf	application/pdf	application/pdf	pdftopdf	1	1	iso_a4_210x297mm	1	orientation-requested=6
pdftopdf/malformed/landscape-true.pdf	pdftopdf	corpus/pdf/malformed.pdf	application/pdf	application/pdf	pdftopdf	1	1	iso_a4_210x297mm	1	landscape=true
pdftopdf/malformed/pdfAutoRotate-false.pdf	pdftopdf	corpus/pdf/malformed.pdf	application/pdf	application/pdf	pdftopdf	1	1	iso_a4_210x297mm	1	pdfAutoRotate=false
pdftopdf/malformed/nopdfAutoRotate-true.pdf	pdftopdf	corpus/pdf/malformed.pdf	application/pdf	application/pdf	pdftopdf	1	1	iso_a4_210x297mm	1	nopdfAutoRotate=true
pdftopdf/malformed/page-ranges-1.pdf	pdftopdf	corpus/pdf/malformed.pdf	application/pdf	application/pdf	pdftopdf	1	1	iso_a4_210x297mm	1	page-ranges=1
pdftopdf/malformed/page-ranges-2-3.pdf	pdftopdf	corpus/pdf/malformed.pdf	application/pdf	application/pdf	pdftopdf	1	1	iso_a4_210x297mm	1	page-ranges=2-3
pdftopdf/malformed/page-ranges-1-3.pdf	pdftopdf	corpus/pdf/malformed.pdf	application/pdf	application/pdf	pdftopdf	1	1	iso_a4_210x297mm	1	page-ranges=1,3
pdftopdf/malformed/page-ranges-2.pdf	pdftopdf	corpus/pdf/malformed.pdf	application/pdf	application/pdf	pdftopdf	1	1	iso_a4_210x297mm	1	page-ranges=2-
pdftopdf/malformed/page-ranges-1-2-4.pdf	pdftopdf	corpus/pdf/malformed.pdf	application/pdf	application/pdf	pdftopdf	1	1	iso_a4_210x297mm	1	page-ranges=1-2,4
pdftopdf/malformed/page-set-odd.pdf	pdftopdf	corpus/pdf/malformed.pdf	application/pdf	application/pdf	pdftopdf	1	1	iso_a4_210x297mm	1	page-set=odd
pdftopdf/malformed/page-set-even.pdf	pdftopdf	corpus/pdf/malformed.pdf	application/pdf	application/pdf	pdftopdf	1	1	iso_a4_210x297mm	1	page-set=even
pdftopdf/malformed/output-order-reverse.pdf	pdftopdf	corpus/pdf/malformed.pdf	application/pdf	application/pdf	pdftopdf	1	1	iso_a4_210x297mm	1	output-order=reverse
pdftopdf/malformed/outputorder-reverse.pdf	pdftopdf	corpus/pdf/malformed.pdf	application/pdf	application/pdf	pdftopdf	1	1	iso_a4_210x297mm	1	outputorder=reverse
pdftopdf/malformed/sides-one-sided.pdf	pdftopdf	corpus/pdf/malformed.pdf	application/pdf	application/pdf	pdftopdf	1	1	iso_a4_210x297mm	1	sides=one-sided
pdftopdf/malformed/sides-two-sided-long-edge.pdf	pdftopdf	corpus/pdf/malformed.pdf	application/pdf	application/pdf	pdftopdf	1	1	iso_a4_210x297mm	1	sides=two-sided-long-edge
pdftopdf/malformed/sides-two-sided-short-edge.pdf	pdftopdf	corpus/pdf/malformed.pdf	application/pdf	application/pdf	pdftopdf	1	1	iso_a4_210x297mm	1	sides=two-sided-short-edge
pdftopdf/malformed/sides-two-sided-long-edge-even-duplex-true.pdf	pdftopdf	corpus/pdf/malformed.pdf	application/pdf	application/pdf	pdftopdf	1	1	iso_a4_210x297mm	1	sides=two-sided-long-edge even-duplex=true
pdftopdf/malformed/booklet-on.pdf	pdftopdf	corpus/pdf/malformed.pdf	application/pdf	application/pdf	pdftopdf	1	1	iso_a4_210x297mm	1	booklet=on
pdftopdf/malformed/booklet-on-sides-two-sided-short-edge.pdf	pdftopdf	corpus/pdf/malformed.pdf	application/pdf	application/pdf	pdftopdf	1	1	iso_a4_210x297mm	1	booklet=on sides=two-sided-short-edge
pdftopdf/malformed/imposition-template-booklet.pdf	pdftopdf	corpus/pdf/malformed.pdf	application/pdf	application/pdf	pdftopdf	1	1	iso_a4_210x297mm	1	imposition-template=booklet
pdftopdf/malformed/mirror-true.pdf	pdftopdf	corpus/pdf/malformed.pdf	application/pdf	application/pdf	pdftopdf	1	1	iso_a4_210x297mm	1	mirror=true
pdftopdf/malformed/print-scaling-auto.pdf	pdftopdf	corpus/pdf/malformed.pdf	application/pdf	application/pdf	pdftopdf	1	1	iso_a4_210x297mm	1	print-scaling=auto
pdftopdf/malformed/print-scaling-auto-fit.pdf	pdftopdf	corpus/pdf/malformed.pdf	application/pdf	application/pdf	pdftopdf	1	1	iso_a4_210x297mm	1	print-scaling=auto-fit
pdftopdf/malformed/print-scaling-fill.pdf	pdftopdf	corpus/pdf/malformed.pdf	application/pdf	application/pdf	pdftopdf	1	1	iso_a4_210x297mm	1	print-scaling=fill
pdftopdf/malformed/print-scaling-fit.pdf	pdftopdf	corpus/pdf/malformed.pdf	application/pdf	application/pdf	pdftopdf	1	1	iso_a4_210x297mm	1	print-scaling=fit
pdftopdf/malformed/print-scaling-none.pdf	pdftopdf	corpus/pdf/malformed.pdf	application/pdf	application/pdf	pdftopdf	1	1	iso_a4_210x297mm	1	print-scaling=none
pdftopdf/malformed/fit-to-page-true.pdf	pdftopdf	corpus/pdf/malformed.pdf	application/pdf	application/pdf	pdftopdf	1	1	iso_a4_210x297mm	1	fit-to-page=true
pdftopdf/malformed/fill-true.pdf	pdftopdf	corpus/pdf/malformed.pdf	application/pdf	application/pdf	pdftopdf	1	1	iso_a4_210x297mm	1	fill=true
pdftopdf/malformed/crop-to-fit-true.pdf	pdftopdf	corpus/pdf/malformed.pdf	application/pdf	application/pdf	pdftopdf	1	1	iso_a4_210x297mm	1	crop-to-fit=true
pdftopdf/malformed/nofit-to-page-true.pdf	pdftopdf	corpus/pdf/malformed.pdf	application/pdf	application/pdf	pdftopdf	1	1	iso_a4_210x297mm	1	nofit-to-page=true
pdftopdf/malformed/position-center.pdf	pdftopdf	corpus/pdf/malformed.pdf	application/pdf	application/pdf	pdftopdf	1	1	iso_a4_210x297mm	1	position=center
pdftopdf/malformed/position-top.pdf	pdftopdf	corpus/pdf/malformed.pdf	application/pdf	application/pdf	pdftopdf	1	1	iso_a4_210x297mm	1	position=top
pdftopdf/malformed/position-bottom.pdf	pdftopdf	corpus/pdf/malformed.pdf	application/pdf	application/pdf	pdftopdf	1	1	iso_a4_210x297mm	1	position=bottom
pdftopdf/malformed/position-left.pdf	pdftopdf	corpus/pdf/malformed.pdf	application/pdf	application/pdf	pdftopdf	1	1	iso_a4_210x297mm	1	position=left
pdftopdf/malformed/position-right.pdf	pdftopdf	corpus/pdf/malformed.pdf	application/pdf	application/pdf	pdftopdf	1	1	iso_a4_210x297mm	1	position=right
pdftopdf/malformed/position-top-left.pdf	pdftopdf	corpus/pdf/malformed.pdf	application/pdf	application/pdf	pdftopdf	1	1	iso_a4_210x297mm	1	position=top-left
pdftopdf/malformed/position-bottom-right.pdf	pdftopdf	corpus/pdf/malformed.pdf	application/pdf	application/pdf	pdftopdf	1	1	iso_a4_210x297mm	1	position=bottom-right
pdftopdf/malformed/page-left-36-page-right-36-page-top-72-page-bottom-21dfcfa5.pdf	pdftopdf	corpus/pdf/malformed.pdf	application/pdf	application/pdf	pdftopdf	1	1	iso_a4_210x297mm	1	page-left=36 page-right=36 page-top=72 page-bottom=72 fit-to-page=true
pdftopdf/malformed/media-na-letter-8-5x11in.pdf	pdftopdf	corpus/pdf/malformed.pdf	application/pdf	application/pdf	pdftopdf	1	1	iso_a4_210x297mm	1	media=na_letter_8.5x11in
pdftopdf/malformed/media-na-legal-8-5x14in.pdf	pdftopdf	corpus/pdf/malformed.pdf	application/pdf	application/pdf	pdftopdf	1	1	iso_a4_210x297mm	1	media=na_legal_8.5x14in
pdftopdf/malformed/media-iso-a5-148x210mm.pdf	pdftopdf	corpus/pdf/malformed.pdf	application/pdf	application/pdf	pdftopdf	1	1	iso_a4_210x297mm	1	media=iso_a5_148x210mm
pdftopdf/malformed/media-iso-a3-297x420mm.pdf	pdftopdf	corpus/pdf/malformed.pdf	application/pdf	application/pdf	pdftopdf	1	1	iso_a4_210x297mm	1	media=iso_a3_297x420mm
pdftopdf/malformed/page-label-REGRESSION-LABEL.pdf	pdftopdf	corpus/pdf/malformed.pdf	application/pdf	application/pdf	pdftopdf	1	1	iso_a4_210x297mm	1	page-label=REGRESSION-LABEL
pdftopdf/malformed/multiple-document-handling-separate-documents-coll-3d1a7cf7.pdf	pdftopdf	corpus/pdf/malformed.pdf	application/pdf	application/pdf	pdftopdf	1	1	iso_a4_210x297mm	1	multiple-document-handling=separate-documents-collated-copies
pdftopdf/malformed/multiple-document-handling-separate-documents-unco-af2d881a.pdf	pdftopdf	corpus/pdf/malformed.pdf	application/pdf	application/pdf	pdftopdf	1	1	iso_a4_210x297mm	1	multiple-document-handling=separate-documents-uncollated-copies
pdftopdf/malformed/collate-true.pdf	pdftopdf	corpus/pdf/malformed.pdf	application/pdf	application/pdf	pdftopdf	1	1	iso_a4_210x297mm	1	collate=true
pdftopdf/malformed/collate-false.pdf	pdftopdf	corpus/pdf/malformed.pdf	application/pdf	application/pdf	pdftopdf	1	1	iso_a4_210x297mm	1	collate=false
pdftopdf/malformed/page-set-odd-sides-two-sided-short-edge-mirror-tru-88f44847.pdf	pdftopdf	corpus/pdf/malformed.pdf	application/pdf	application/pdf	pdftopdf	1	1	iso_a4_210x297mm	1	page-set=odd sides=two-sided-short-edge mirror=true page-border=single media=na_letter_8.5x11in output-order=reverse
pdftopdf/malformed/orientation-requested-4-print-scaling-none-mirror-true.pdf	pdftopdf	corpus/pdf/malformed.pdf	application/pdf	application/pdf	pdftopdf	1	1	iso_a4_210x297mm	1	orientation-requested=4 print-scaling=none mirror=true
pdftopdf/malformed/orientation-requested-5-print-scaling-fit-page-set-aabd8fa3.pdf	pdftopdf	corpus/pdf/malformed.pdf	application/pdf	application/pdf	pdftopdf	1	1	iso_a4_210x297mm	1	orientation-requested=5 print-scaling=fit page-set=even sides=two-sided-long-edge media=na_letter_8.5x11in output-order=reverse
pdftopdf/malformed/orientation-requested-6-print-scaling-fill-page-se-8c7a4ecd.pdf	pdftopdf	corpus/pdf/malformed.pdf	application/pdf	application/pdf	pdftopdf	1	1	iso_a4_210x297mm	1	orientation-requested=6 print-scaling=fill page-set=even sides=two-sided-short-edge mirror=true page-border=single
pdftopdf/malformed/number-up-2-print-scaling-fit-sides-two-sided-long-576d7fb6.pdf	pdftopdf	corpus/pdf/malformed.pdf	application/pdf	application/pdf	pdftopdf	1	1	iso_a4_210x297mm	1	number-up=2 print-scaling=fit sides=two-sided-long-edge page-border=single
pdftopdf/malformed/number-up-2-orientation-requested-4-print-scaling--ce78b144.pdf	pdftopdf	corpus/pdf/malformed.pdf	application/pdf	application/pdf	pdftopdf	1	1	iso_a4_210x297mm	1	number-up=2 orientation-requested=4 print-scaling=fill page-set=odd sides=two-sided-long-edge mirror=true media=na_letter_8.5x11in output-order=reverse
pdftopdf/malformed/number-up-2-orientation-requested-5-print-scaling--abb7f6e0.pdf	pdftopdf	corpus/pdf/malformed.pdf	application/pdf	application/pdf	pdftopdf	1	1	iso_a4_210x297mm	1	number-up=2 orientation-requested=5 print-scaling=none page-set=odd sides=two-sided-short-edge page-border=single media=na_letter_8.5x11in
pdftopdf/malformed/number-up-2-orientation-requested-6-page-set-even--e8135f6f.pdf	pdftopdf	corpus/pdf/malformed.pdf	application/pdf	application/pdf	pdftopdf	1	1	iso_a4_210x297mm	1	number-up=2 orientation-requested=6 page-set=even media=na_letter_8.5x11in output-order=reverse
pdftopdf/malformed/number-up-4-print-scaling-none-sides-two-sided-sho-2a337940.pdf	pdftopdf	corpus/pdf/malformed.pdf	application/pdf	application/pdf	pdftopdf	1	1	iso_a4_210x297mm	1	number-up=4 print-scaling=none sides=two-sided-short-edge mirror=true media=na_letter_8.5x11in output-order=reverse
pdftopdf/malformed/number-up-4-orientation-requested-4-print-scaling--50b0bedf.pdf	pdftopdf	corpus/pdf/malformed.pdf	application/pdf	application/pdf	pdftopdf	1	1	iso_a4_210x297mm	1	number-up=4 orientation-requested=4 print-scaling=fit page-set=odd mirror=true page-border=single output-order=reverse
pdftopdf/malformed/number-up-4-orientation-requested-5.pdf	pdftopdf	corpus/pdf/malformed.pdf	application/pdf	application/pdf	pdftopdf	1	1	iso_a4_210x297mm	1	number-up=4 orientation-requested=5
pdftopdf/malformed/number-up-4-orientation-requested-6-print-scaling--9dfdcd8c.pdf	pdftopdf	corpus/pdf/malformed.pdf	application/pdf	application/pdf	pdftopdf	1	1	iso_a4_210x297mm	1	number-up=4 orientation-requested=6 print-scaling=none page-set=even sides=two-sided-long-edge media=na_letter_8.5x11in
pdftopdf/malformed/number-up-4-print-scaling-fill-page-border-single.pdf	pdftopdf	corpus/pdf/malformed.pdf	application/pdf	application/pdf	pdftopdf	1	1	iso_a4_210x297mm	1	number-up=4 print-scaling=fill page-border=single
pdftopdf/malformed/number-up-6-page-set-even-sides-two-sided-long-edg-63dc2368.pdf	pdftopdf	corpus/pdf/malformed.pdf	application/pdf	application/pdf	pdftopdf	1	1	iso_a4_210x297mm	1	number-up=6 page-set=even sides=two-sided-long-edge mirror=true media=na_letter_8.5x11in output-order=reverse
pdftopdf/malformed/number-up-6-orientation-requested-4-print-scaling--257889da.pdf	pdftopdf	corpus/pdf/malformed.pdf	application/pdf	application/pdf	pdftopdf	1	1	iso_a4_210x297mm	1	number-up=6 orientation-requested=4 print-scaling=fill sides=two-sided-short-edge page-border=single
pdftopdf/malformed/number-up-6-orientation-requested-5-print-scaling--87124e38.pdf	pdftopdf	corpus/pdf/malformed.pdf	application/pdf	application/pdf	pdftopdf	1	1	iso_a4_210x297mm	1	number-up=6 orientation-requested=5 print-scaling=fit page-set=even sides=two-sided-short-edge mirror=true page-border=single media=na_letter_8.5x11in
pdftopdf/malformed/number-up-6-orientation-requested-6-print-scaling--a2e6d38e.pdf	pdftopdf	corpus/pdf/malformed.pdf	application/pdf	application/pdf	pdftopdf	1	1	iso_a4_210x297mm	1	number-up=6 orientation-requested=6 print-scaling=none page-set=odd page-border=single media=na_letter_8.5x11in output-order=reverse
pdftopdf/malformed/orientation-requested-4-page-set-even-sides-two-si-db0f91eb.pdf	pdftopdf	corpus/pdf/malformed.pdf	application/pdf	application/pdf	pdftopdf	1	1	iso_a4_210x297mm	1	orientation-requested=4 page-set=even sides=two-sided-long-edge
pdftopdf/malformed/number-up-2-orientation-requested-5-print-scaling--c36ee955.pdf	pdftopdf	corpus/pdf/malformed.pdf	application/pdf	application/pdf	pdftopdf	1	1	iso_a4_210x297mm	1	number-up=2 orientation-requested=5 print-scaling=fill page-set=even sides=two-sided-long-edge mirror=true
pdftopdf/malformed/orientation-requested-6-print-scaling-fit-mirror-t-84e2532f.pdf	pdftopdf	corpus/pdf/malformed.pdf	application/pdf	application/pdf	pdftopdf	1	1	iso_a4_210x297mm	1	orientation-requested=6 print-scaling=fit mirror=true media=na_letter_8.5x11in output-order=reverse
pdftopdf/malformed/default-copies2.pdf	pdftopdf	corpus/pdf/malformed.pdf	application/pdf	application/pdf	pdftopdf	1	1	iso_a4_210x297mm	2	
pdftopdf/malformed/collate-false-copies2.pdf	pdftopdf	corpus/pdf/malformed.pdf	application/pdf	application/pdf	pdftopdf	1	1	iso_a4_210x297mm	2	collate=false
pdftopdf/malformed/default-mono-printer-simplex-printer.pdf	pdftopdf	corpus/pdf/malformed.pdf	application/pdf	application/pdf	pdftopdf	0	0	iso_a4_210x297mm	1	
pdftoraster/malformed/default.pwg	pdftoraster	corpus/pdf/malformed.pdf	application/pdf	image/pwg-raster	pdftopdf,pdftoraster	1	1	iso_a4_210x297mm	1	
pdftoraster/malformed/print-color-mode-monochrome.pwg	pdftoraster	corpus/pdf/malformed.pdf	application/pdf	image/pwg-raster	pdftopdf,pdftoraster	1	1	iso_a4_210x297mm	1	print-color-mode=monochrome
pdftoraster/malformed/print-color-mode-color.pwg	pdftoraster	corpus/pdf/malformed.pdf	application/pdf	image/pwg-raster	pdftopdf,pdftoraster	1	1	iso_a4_210x297mm	1	print-color-mode=color
pdftoraster/malformed/printer-resolution-600dpi.pwg	pdftoraster	corpus/pdf/malformed.pdf	application/pdf	image/pwg-raster	pdftopdf,pdftoraster	1	1	iso_a4_210x297mm	1	printer-resolution=600dpi
pdftoraster/malformed/print-quality-3.pwg	pdftoraster	corpus/pdf/malformed.pdf	application/pdf	image/pwg-raster	pdftopdf,pdftoraster	1	1	iso_a4_210x297mm	1	print-quality=3
pdftoraster/malformed/print-quality-5.pwg	pdftoraster	corpus/pdf/malformed.pdf	application/pdf	image/pwg-raster	pdftopdf,pdftoraster	1	1	iso_a4_210x297mm	1	print-quality=5
pdftoraster/malformed/sides-two-sided-long-edge.pwg	pdftoraster	corpus/pdf/malformed.pdf	application/pdf	image/pwg-raster	pdftopdf,pdftoraster	1	1	iso_a4_210x297mm	1	sides=two-sided-long-edge
pdftoraster/malformed/sides-two-sided-short-edge.pwg	pdftoraster	corpus/pdf/malformed.pdf	application/pdf	image/pwg-raster	pdftopdf,pdftoraster	1	1	iso_a4_210x297mm	1	sides=two-sided-short-edge
pdftoraster/malformed/orientation-requested-4.pwg	pdftoraster	corpus/pdf/malformed.pdf	application/pdf	image/pwg-raster	pdftopdf,pdftoraster	1	1	iso_a4_210x297mm	1	orientation-requested=4
pdftoraster/malformed/number-up-2.pwg	pdftoraster	corpus/pdf/malformed.pdf	application/pdf	image/pwg-raster	pdftopdf,pdftoraster	1	1	iso_a4_210x297mm	1	number-up=2
pdftoraster/malformed/media-na-letter-8-5x11in.pwg	pdftoraster	corpus/pdf/malformed.pdf	application/pdf	image/pwg-raster	pdftopdf,pdftoraster	1	1	iso_a4_210x297mm	1	media=na_letter_8.5x11in
pdftoraster/malformed/print-scaling-fill.pwg	pdftoraster	corpus/pdf/malformed.pdf	application/pdf	image/pwg-raster	pdftopdf,pdftoraster	1	1	iso_a4_210x297mm	1	print-scaling=fill
pdftoraster/malformed/default-mono-printer.pwg	pdftoraster	corpus/pdf/malformed.pdf	application/pdf	image/pwg-raster	pdftopdf,pdftoraster	0	1	iso_a4_210x297mm	1	
pdftoraster/malformed/default.urf	pdftoraster	corpus/pdf/malformed.pdf	application/pdf	image/urf	pdftopdf,pdftoraster	1	1	iso_a4_210x297mm	1	
pdftoraster/malformed/default.ras	pdftoraster	corpus/pdf/malformed.pdf	application/pdf	application/vnd.cups-raster	pdftopdf,pdftoraster	1	1	iso_a4_210x297mm	1	
pdftopdf/test_file_1pg/default.pdf	pdftopdf	corpus/pdf/test_file_1pg.pdf	application/pdf	application/pdf	pdftopdf	1	1	iso_a4_210x297mm	1	
pdftopdf/test_file_1pg/number-up-2.pdf	pdftopdf	corpus/pdf/test_file_1pg.pdf	application/pdf	application/pdf	pdftopdf	1	1	iso_a4_210x297mm	1	number-up=2
pdftopdf/test_file_1pg/number-up-3.pdf	pdftopdf	corpus/pdf/test_file_1pg.pdf	application/pdf	application/pdf	pdftopdf	1	1	iso_a4_210x297mm	1	number-up=3
pdftopdf/test_file_1pg/number-up-4.pdf	pdftopdf	corpus/pdf/test_file_1pg.pdf	application/pdf	application/pdf	pdftopdf	1	1	iso_a4_210x297mm	1	number-up=4
pdftopdf/test_file_1pg/number-up-6.pdf	pdftopdf	corpus/pdf/test_file_1pg.pdf	application/pdf	application/pdf	pdftopdf	1	1	iso_a4_210x297mm	1	number-up=6
pdftopdf/test_file_1pg/number-up-8.pdf	pdftopdf	corpus/pdf/test_file_1pg.pdf	application/pdf	application/pdf	pdftopdf	1	1	iso_a4_210x297mm	1	number-up=8
pdftopdf/test_file_1pg/number-up-9.pdf	pdftopdf	corpus/pdf/test_file_1pg.pdf	application/pdf	application/pdf	pdftopdf	1	1	iso_a4_210x297mm	1	number-up=9
pdftopdf/test_file_1pg/number-up-10.pdf	pdftopdf	corpus/pdf/test_file_1pg.pdf	application/pdf	application/pdf	pdftopdf	1	1	iso_a4_210x297mm	1	number-up=10
pdftopdf/test_file_1pg/number-up-12.pdf	pdftopdf	corpus/pdf/test_file_1pg.pdf	application/pdf	application/pdf	pdftopdf	1	1	iso_a4_210x297mm	1	number-up=12
pdftopdf/test_file_1pg/number-up-15.pdf	pdftopdf	corpus/pdf/test_file_1pg.pdf	application/pdf	application/pdf	pdftopdf	1	1	iso_a4_210x297mm	1	number-up=15
pdftopdf/test_file_1pg/number-up-16.pdf	pdftopdf	corpus/pdf/test_file_1pg.pdf	application/pdf	application/pdf	pdftopdf	1	1	iso_a4_210x297mm	1	number-up=16
pdftopdf/test_file_1pg/number-up-4-number-up-layout-lrtb.pdf	pdftopdf	corpus/pdf/test_file_1pg.pdf	application/pdf	application/pdf	pdftopdf	1	1	iso_a4_210x297mm	1	number-up=4 number-up-layout=lrtb
pdftopdf/test_file_1pg/number-up-4-number-up-layout-rltb.pdf	pdftopdf	corpus/pdf/test_file_1pg.pdf	application/pdf	application/pdf	pdftopdf	1	1	iso_a4_210x297mm	1	number-up=4 number-up-layout=rltb
pdftopdf/test_file_1pg/number-up-4-number-up-layout-tblr.pdf	pdftopdf	corpus/pdf/test_file_1pg.pdf	application/pdf	application/pdf	pdftopdf	1	1	iso_a4_210x297mm	1	number-up=4 number-up-layout=tblr
pdftopdf/test_file_1pg/number-up-4-number-up-layout-btlr.pdf	pdftopdf	corpus/pdf/test_file_1pg.pdf	application/pdf	application/pdf	pdftopdf	1	1	iso_a4_210x297mm	1	number-up=4 number-up-layout=btlr
pdftopdf/test_file_1pg/number-up-4-number-up-layout-lrbt.pdf	pdftopdf	corpus/pdf/test_file_1pg.pdf	application/pdf	application/pdf	pdftopdf	1	1	iso_a4_210x297mm	1	number-up=4 number-up-layout=lrbt
pdftopdf/test_file_1pg/number-up-4-number-up-layout-rlbt.pdf	pdftopdf	corpus/pdf/test_file_1pg.pdf	application/pdf	application/pdf	pdftopdf	1	1	iso_a4_210x297mm	1	number-up=4 number-up-layout=rlbt
pdftopdf/test_file_1pg/number-up-4-number-up-layout-tbrl.pdf	pdftopdf	corpus/pdf/test_file_1pg.pdf	application/pdf	application/pdf	pdftopdf	1	1	iso_a4_210x297mm	1	number-up=4 number-up-layout=tbrl
pdftopdf/test_file_1pg/number-up-4-number-up-layout-btrl.pdf	pdftopdf	corpus/pdf/test_file_1pg.pdf	application/pdf	application/pdf	pdftopdf	1	1	iso_a4_210x297mm	1	number-up=4 number-up-layout=btrl
pdftopdf/test_file_1pg/number-up-2-page-border-single.pdf	pdftopdf	corpus/pdf/test_file_1pg.pdf	application/pdf	application/pdf	pdftopdf	1	1	iso_a4_210x297mm	1	number-up=2 page-border=single
pdftopdf/test_file_1pg/number-up-2-page-border-single-thick.pdf	pdftopdf	corpus/pdf/test_file_1pg.pdf	application/pdf	application/pdf	pdftopdf	1	1	iso_a4_210x297mm	1	number-up=2 page-border=single-thick
pdftopdf/test_file_1pg/number-up-2-page-border-double.pdf	pdftopdf	corpus/pdf/test_file_1pg.pdf	application/pdf	application/pdf	pdftopdf	1	1	iso_a4_210x297mm	1	number-up=2 page-border=double
pdftopdf/test_file_1pg/number-up-2-page-border-double-thick.pdf	pdftopdf	corpus/pdf/test_file_1pg.pdf	application/pdf	application/pdf	pdftopdf	1	1	iso_a4_210x297mm	1	number-up=2 page-border=double-thick
pdftopdf/test_file_1pg/orientation-requested-3.pdf	pdftopdf	corpus/pdf/test_file_1pg.pdf	application/pdf	application/pdf	pdftopdf	1	1	iso_a4_210x297mm	1	orientation-requested=3
pdftopdf/test_file_1pg/orientation-requested-4.pdf	pdftopdf	corpus/pdf/test_file_1pg.pdf	application/pdf	application/pdf	pdftopdf	1	1	iso_a4_210x297mm	1	orientation-requested=4
pdftopdf/test_file_1pg/orientation-requested-5.pdf	pdftopdf	corpus/pdf/test_file_1pg.pdf	application/pdf	application/pdf	pdftopdf	1	1	iso_a4_210x297mm	1	orientation-requested=5
pdftopdf/test_file_1pg/orientation-requested-6.pdf	pdftopdf	corpus/pdf/test_file_1pg.pdf	application/pdf	application/pdf	pdftopdf	1	1	iso_a4_210x297mm	1	orientation-requested=6
pdftopdf/test_file_1pg/landscape-true.pdf	pdftopdf	corpus/pdf/test_file_1pg.pdf	application/pdf	application/pdf	pdftopdf	1	1	iso_a4_210x297mm	1	landscape=true
pdftopdf/test_file_1pg/pdfAutoRotate-false.pdf	pdftopdf	corpus/pdf/test_file_1pg.pdf	application/pdf	application/pdf	pdftopdf	1	1	iso_a4_210x297mm	1	pdfAutoRotate=false
pdftopdf/test_file_1pg/nopdfAutoRotate-true.pdf	pdftopdf	corpus/pdf/test_file_1pg.pdf	application/pdf	application/pdf	pdftopdf	1	1	iso_a4_210x297mm	1	nopdfAutoRotate=true
pdftopdf/test_file_1pg/page-ranges-1.pdf	pdftopdf	corpus/pdf/test_file_1pg.pdf	application/pdf	application/pdf	pdftopdf	1	1	iso_a4_210x297mm	1	page-ranges=1
pdftopdf/test_file_1pg/page-ranges-2-3.pdf	pdftopdf	corpus/pdf/test_file_1pg.pdf	application/pdf	application/pdf	pdftopdf	1	1	iso_a4_210x297mm	1	page-ranges=2-3
pdftopdf/test_file_1pg/page-ranges-1-3.pdf	pdftopdf	corpus/pdf/test_file_1pg.pdf	application/pdf	application/pdf	pdftopdf	1	1	iso_a4_210x297mm	1	page-ranges=1,3
pdftopdf/test_file_1pg/page-ranges-2.pdf	pdftopdf	corpus/pdf/test_file_1pg.pdf	application/pdf	application/pdf	pdftopdf	1	1	iso_a4_210x297mm	1	page-ranges=2-
pdftopdf/test_file_1pg/page-ranges-1-2-4.pdf	pdftopdf	corpus/pdf/test_file_1pg.pdf	application/pdf	application/pdf	pdftopdf	1	1	iso_a4_210x297mm	1	page-ranges=1-2,4
pdftopdf/test_file_1pg/page-set-odd.pdf	pdftopdf	corpus/pdf/test_file_1pg.pdf	application/pdf	application/pdf	pdftopdf	1	1	iso_a4_210x297mm	1	page-set=odd
pdftopdf/test_file_1pg/page-set-even.pdf	pdftopdf	corpus/pdf/test_file_1pg.pdf	application/pdf	application/pdf	pdftopdf	1	1	iso_a4_210x297mm	1	page-set=even
pdftopdf/test_file_1pg/output-order-reverse.pdf	pdftopdf	corpus/pdf/test_file_1pg.pdf	application/pdf	application/pdf	pdftopdf	1	1	iso_a4_210x297mm	1	output-order=reverse
pdftopdf/test_file_1pg/outputorder-reverse.pdf	pdftopdf	corpus/pdf/test_file_1pg.pdf	application/pdf	application/pdf	pdftopdf	1	1	iso_a4_210x297mm	1	outputorder=reverse
pdftopdf/test_file_1pg/sides-one-sided.pdf	pdftopdf	corpus/pdf/test_file_1pg.pdf	application/pdf	application/pdf	pdftopdf	1	1	iso_a4_210x297mm	1	sides=one-sided
pdftopdf/test_file_1pg/sides-two-sided-long-edge.pdf	pdftopdf	corpus/pdf/test_file_1pg.pdf	application/pdf	application/pdf	pdftopdf	1	1	iso_a4_210x297mm	1	sides=two-sided-long-edge
pdftopdf/test_file_1pg/sides-two-sided-short-edge.pdf	pdftopdf	corpus/pdf/test_file_1pg.pdf	application/pdf	application/pdf	pdftopdf	1	1	iso_a4_210x297mm	1	sides=two-sided-short-edge
pdftopdf/test_file_1pg/sides-two-sided-long-edge-even-duplex-true.pdf	pdftopdf	corpus/pdf/test_file_1pg.pdf	application/pdf	application/pdf	pdftopdf	1	1	iso_a4_210x297mm	1	sides=two-sided-long-edge even-duplex=true
pdftopdf/test_file_1pg/booklet-on.pdf	pdftopdf	corpus/pdf/test_file_1pg.pdf	application/pdf	application/pdf	pdftopdf	1	1	iso_a4_210x297mm	1	booklet=on
pdftopdf/test_file_1pg/booklet-on-sides-two-sided-short-edge.pdf	pdftopdf	corpus/pdf/test_file_1pg.pdf	application/pdf	application/pdf	pdftopdf	1	1	iso_a4_210x297mm	1	booklet=on sides=two-sided-short-edge
pdftopdf/test_file_1pg/imposition-template-booklet.pdf	pdftopdf	corpus/pdf/test_file_1pg.pdf	application/pdf	application/pdf	pdftopdf	1	1	iso_a4_210x297mm	1	imposition-template=booklet
pdftopdf/test_file_1pg/mirror-true.pdf	pdftopdf	corpus/pdf/test_file_1pg.pdf	application/pdf	application/pdf	pdftopdf	1	1	iso_a4_210x297mm	1	mirror=true
pdftopdf/test_file_1pg/print-scaling-auto.pdf	pdftopdf	corpus/pdf/test_file_1pg.pdf	application/pdf	application/pdf	pdftopdf	1	1	iso_a4_210x297mm	1	print-scaling=auto
pdftopdf/test_file_1pg/print-scaling-auto-fit.pdf	pdftopdf	corpus/pdf/test_file_1pg.pdf	application/pdf	application/pdf	pdftopdf	1	1	iso_a4_210x297mm	1	print-scaling=auto-fit
pdftopdf/test_file_1pg/print-scaling-fill.pdf	pdftopdf	corpus/pdf/test_file_1pg.pdf	application/pdf	application/pdf	pdftopdf	1	1	iso_a4_210x297mm	1	print-scaling=fill
pdftopdf/test_file_1pg/print-scaling-fit.pdf	pdftopdf	corpus/pdf/test_file_1pg.pdf	application/pdf	application/pdf	pdftopdf	1	1	iso_a4_210x297mm	1	print-scaling=fit
pdftopdf/test_file_1pg/print-scaling-none.pdf	pdftopdf	corpus/pdf/test_file_1pg.pdf	application/pdf	application/pdf	pdftopdf	1	1	iso_a4_210x297mm	1	print-scaling=none
pdftopdf/test_file_1pg/fit-to-page-true.pdf	pdftopdf	corpus/pdf/test_file_1pg.pdf	application/pdf	application/pdf	pdftopdf	1	1	iso_a4_210x297mm	1	fit-to-page=true
pdftopdf/test_file_1pg/fill-true.pdf	pdftopdf	corpus/pdf/test_file_1pg.pdf	application/pdf	application/pdf	pdftopdf	1	1	iso_a4_210x297mm	1	fill=true
pdftopdf/test_file_1pg/crop-to-fit-true.pdf	pdftopdf	corpus/pdf/test_file_1pg.pdf	application/pdf	application/pdf	pdftopdf	1	1	iso_a4_210x297mm	1	crop-to-fit=true
pdftopdf/test_file_1pg/nofit-to-page-true.pdf	pdftopdf	corpus/pdf/test_file_1pg.pdf	application/pdf	application/pdf	pdftopdf	1	1	iso_a4_210x297mm	1	nofit-to-page=true
pdftopdf/test_file_1pg/position-center.pdf	pdftopdf	corpus/pdf/test_file_1pg.pdf	application/pdf	application/pdf	pdftopdf	1	1	iso_a4_210x297mm	1	position=center
pdftopdf/test_file_1pg/position-top.pdf	pdftopdf	corpus/pdf/test_file_1pg.pdf	application/pdf	application/pdf	pdftopdf	1	1	iso_a4_210x297mm	1	position=top
pdftopdf/test_file_1pg/position-bottom.pdf	pdftopdf	corpus/pdf/test_file_1pg.pdf	application/pdf	application/pdf	pdftopdf	1	1	iso_a4_210x297mm	1	position=bottom
pdftopdf/test_file_1pg/position-left.pdf	pdftopdf	corpus/pdf/test_file_1pg.pdf	application/pdf	application/pdf	pdftopdf	1	1	iso_a4_210x297mm	1	position=left
pdftopdf/test_file_1pg/position-right.pdf	pdftopdf	corpus/pdf/test_file_1pg.pdf	application/pdf	application/pdf	pdftopdf	1	1	iso_a4_210x297mm	1	position=right
pdftopdf/test_file_1pg/position-top-left.pdf	pdftopdf	corpus/pdf/test_file_1pg.pdf	application/pdf	application/pdf	pdftopdf	1	1	iso_a4_210x297mm	1	position=top-left
pdftopdf/test_file_1pg/position-bottom-right.pdf	pdftopdf	corpus/pdf/test_file_1pg.pdf	application/pdf	application/pdf	pdftopdf	1	1	iso_a4_210x297mm	1	position=bottom-right
pdftopdf/test_file_1pg/page-left-36-page-right-36-page-top-72-page-bottom-21dfcfa5.pdf	pdftopdf	corpus/pdf/test_file_1pg.pdf	application/pdf	application/pdf	pdftopdf	1	1	iso_a4_210x297mm	1	page-left=36 page-right=36 page-top=72 page-bottom=72 fit-to-page=true
pdftopdf/test_file_1pg/media-na-letter-8-5x11in.pdf	pdftopdf	corpus/pdf/test_file_1pg.pdf	application/pdf	application/pdf	pdftopdf	1	1	iso_a4_210x297mm	1	media=na_letter_8.5x11in
pdftopdf/test_file_1pg/media-na-legal-8-5x14in.pdf	pdftopdf	corpus/pdf/test_file_1pg.pdf	application/pdf	application/pdf	pdftopdf	1	1	iso_a4_210x297mm	1	media=na_legal_8.5x14in
pdftopdf/test_file_1pg/media-iso-a5-148x210mm.pdf	pdftopdf	corpus/pdf/test_file_1pg.pdf	application/pdf	application/pdf	pdftopdf	1	1	iso_a4_210x297mm	1	media=iso_a5_148x210mm
pdftopdf/test_file_1pg/media-iso-a3-297x420mm.pdf	pdftopdf	corpus/pdf/test_file_1pg.pdf	application/pdf	application/pdf	pdftopdf	1	1	iso_a4_210x297mm	1	media=iso_a3_297x420mm
pdftopdf/test_file_1pg/page-label-REGRESSION-LABEL.pdf	pdftopdf	corpus/pdf/test_file_1pg.pdf	application/pdf	application/pdf	pdftopdf	1	1	iso_a4_210x297mm	1	page-label=REGRESSION-LABEL
pdftopdf/test_file_1pg/multiple-document-handling-separate-documents-coll-3d1a7cf7.pdf	pdftopdf	corpus/pdf/test_file_1pg.pdf	application/pdf	application/pdf	pdftopdf	1	1	iso_a4_210x297mm	1	multiple-document-handling=separate-documents-collated-copies
pdftopdf/test_file_1pg/multiple-document-handling-separate-documents-unco-af2d881a.pdf	pdftopdf	corpus/pdf/test_file_1pg.pdf	application/pdf	application/pdf	pdftopdf	1	1	iso_a4_210x297mm	1	multiple-document-handling=separate-documents-uncollated-copies
pdftopdf/test_file_1pg/collate-true.pdf	pdftopdf	corpus/pdf/test_file_1pg.pdf	application/pdf	application/pdf	pdftopdf	1	1	iso_a4_210x297mm	1	collate=true
pdftopdf/test_file_1pg/collate-false.pdf	pdftopdf	corpus/pdf/test_file_1pg.pdf	application/pdf	application/pdf	pdftopdf	1	1	iso_a4_210x297mm	1	collate=false
pdftopdf/test_file_1pg/page-set-odd-sides-two-sided-short-edge-mirror-tru-88f44847.pdf	pdftopdf	corpus/pdf/test_file_1pg.pdf	application/pdf	application/pdf	pdftopdf	1	1	iso_a4_210x297mm	1	page-set=odd sides=two-sided-short-edge mirror=true page-border=single media=na_letter_8.5x11in output-order=reverse
pdftopdf/test_file_1pg/orientation-requested-4-print-scaling-none-mirror-true.pdf	pdftopdf	corpus/pdf/test_file_1pg.pdf	application/pdf	application/pdf	pdftopdf	1	1	iso_a4_210x297mm	1	orientation-requested=4 print-scaling=none mirror=true
pdftopdf/test_file_1pg/orientation-requested-5-print-scaling-fit-page-set-aabd8fa3.pdf	pdftopdf	corpus/pdf/test_file_1pg.pdf	application/pdf	application/pdf	pdftopdf	1	1	iso_a4_210x297mm	1	orientation-requested=5 print-scaling=fit page-set=even sides=two-sided-long-edge media=na_letter_8.5x11in output-order=reverse
pdftopdf/test_file_1pg/orientation-requested-6-print-scaling-fill-page-se-8c7a4ecd.pdf	pdftopdf	corpus/pdf/test_file_1pg.pdf	application/pdf	application/pdf	pdftopdf	1	1	iso_a4_210x297mm	1	orientation-requested=6 print-scaling=fill page-set=even sides=two-sided-short-edge mirror=true page-border=single
pdftopdf/test_file_1pg/number-up-2-print-scaling-fit-sides-two-sided-long-576d7fb6.pdf	pdftopdf	corpus/pdf/test_file_1pg.pdf	application/pdf	application/pdf	pdftopdf	1	1	iso_a4_210x297mm	1	number-up=2 print-scaling=fit sides=two-sided-long-edge page-border=single
pdftopdf/test_file_1pg/number-up-2-orientation-requested-4-print-scaling--ce78b144.pdf	pdftopdf	corpus/pdf/test_file_1pg.pdf	application/pdf	application/pdf	pdftopdf	1	1	iso_a4_210x297mm	1	number-up=2 orientation-requested=4 print-scaling=fill page-set=odd sides=two-sided-long-edge mirror=true media=na_letter_8.5x11in output-order=reverse
pdftopdf/test_file_1pg/number-up-2-orientation-requested-5-print-scaling--abb7f6e0.pdf	pdftopdf	corpus/pdf/test_file_1pg.pdf	application/pdf	application/pdf	pdftopdf	1	1	iso_a4_210x297mm	1	number-up=2 orientation-requested=5 print-scaling=none page-set=odd sides=two-sided-short-edge page-border=single media=na_letter_8.5x11in
pdftopdf/test_file_1pg/number-up-2-orientation-requested-6-page-set-even--e8135f6f.pdf	pdftopdf	corpus/pdf/test_file_1pg.pdf	application/pdf	application/pdf	pdftopdf	1	1	iso_a4_210x297mm	1	number-up=2 orientation-requested=6 page-set=even media=na_letter_8.5x11in output-order=reverse
pdftopdf/test_file_1pg/number-up-4-print-scaling-none-sides-two-sided-sho-2a337940.pdf	pdftopdf	corpus/pdf/test_file_1pg.pdf	application/pdf	application/pdf	pdftopdf	1	1	iso_a4_210x297mm	1	number-up=4 print-scaling=none sides=two-sided-short-edge mirror=true media=na_letter_8.5x11in output-order=reverse
pdftopdf/test_file_1pg/number-up-4-orientation-requested-4-print-scaling--50b0bedf.pdf	pdftopdf	corpus/pdf/test_file_1pg.pdf	application/pdf	application/pdf	pdftopdf	1	1	iso_a4_210x297mm	1	number-up=4 orientation-requested=4 print-scaling=fit page-set=odd mirror=true page-border=single output-order=reverse
pdftopdf/test_file_1pg/number-up-4-orientation-requested-5.pdf	pdftopdf	corpus/pdf/test_file_1pg.pdf	application/pdf	application/pdf	pdftopdf	1	1	iso_a4_210x297mm	1	number-up=4 orientation-requested=5
pdftopdf/test_file_1pg/number-up-4-orientation-requested-6-print-scaling--9dfdcd8c.pdf	pdftopdf	corpus/pdf/test_file_1pg.pdf	application/pdf	application/pdf	pdftopdf	1	1	iso_a4_210x297mm	1	number-up=4 orientation-requested=6 print-scaling=none page-set=even sides=two-sided-long-edge media=na_letter_8.5x11in
pdftopdf/test_file_1pg/number-up-4-print-scaling-fill-page-border-single.pdf	pdftopdf	corpus/pdf/test_file_1pg.pdf	application/pdf	application/pdf	pdftopdf	1	1	iso_a4_210x297mm	1	number-up=4 print-scaling=fill page-border=single
pdftopdf/test_file_1pg/number-up-6-page-set-even-sides-two-sided-long-edg-63dc2368.pdf	pdftopdf	corpus/pdf/test_file_1pg.pdf	application/pdf	application/pdf	pdftopdf	1	1	iso_a4_210x297mm	1	number-up=6 page-set=even sides=two-sided-long-edge mirror=true media=na_letter_8.5x11in output-order=reverse
pdftopdf/test_file_1pg/number-up-6-orientation-requested-4-print-scaling--257889da.pdf	pdftopdf	corpus/pdf/test_file_1pg.pdf	application/pdf	application/pdf	pdftopdf	1	1	iso_a4_210x297mm	1	number-up=6 orientation-requested=4 print-scaling=fill sides=two-sided-short-edge page-border=single
pdftopdf/test_file_1pg/number-up-6-orientation-requested-5-print-scaling--87124e38.pdf	pdftopdf	corpus/pdf/test_file_1pg.pdf	application/pdf	application/pdf	pdftopdf	1	1	iso_a4_210x297mm	1	number-up=6 orientation-requested=5 print-scaling=fit page-set=even sides=two-sided-short-edge mirror=true page-border=single media=na_letter_8.5x11in
pdftopdf/test_file_1pg/number-up-6-orientation-requested-6-print-scaling--a2e6d38e.pdf	pdftopdf	corpus/pdf/test_file_1pg.pdf	application/pdf	application/pdf	pdftopdf	1	1	iso_a4_210x297mm	1	number-up=6 orientation-requested=6 print-scaling=none page-set=odd page-border=single media=na_letter_8.5x11in output-order=reverse
pdftopdf/test_file_1pg/orientation-requested-4-page-set-even-sides-two-si-db0f91eb.pdf	pdftopdf	corpus/pdf/test_file_1pg.pdf	application/pdf	application/pdf	pdftopdf	1	1	iso_a4_210x297mm	1	orientation-requested=4 page-set=even sides=two-sided-long-edge
pdftopdf/test_file_1pg/number-up-2-orientation-requested-5-print-scaling--c36ee955.pdf	pdftopdf	corpus/pdf/test_file_1pg.pdf	application/pdf	application/pdf	pdftopdf	1	1	iso_a4_210x297mm	1	number-up=2 orientation-requested=5 print-scaling=fill page-set=even sides=two-sided-long-edge mirror=true
pdftopdf/test_file_1pg/orientation-requested-6-print-scaling-fit-mirror-t-84e2532f.pdf	pdftopdf	corpus/pdf/test_file_1pg.pdf	application/pdf	application/pdf	pdftopdf	1	1	iso_a4_210x297mm	1	orientation-requested=6 print-scaling=fit mirror=true media=na_letter_8.5x11in output-order=reverse
pdftopdf/test_file_1pg/default-copies2.pdf	pdftopdf	corpus/pdf/test_file_1pg.pdf	application/pdf	application/pdf	pdftopdf	1	1	iso_a4_210x297mm	2	
pdftopdf/test_file_1pg/collate-false-copies2.pdf	pdftopdf	corpus/pdf/test_file_1pg.pdf	application/pdf	application/pdf	pdftopdf	1	1	iso_a4_210x297mm	2	collate=false
pdftopdf/test_file_1pg/default-mono-printer-simplex-printer.pdf	pdftopdf	corpus/pdf/test_file_1pg.pdf	application/pdf	application/pdf	pdftopdf	0	0	iso_a4_210x297mm	1	
pdftoraster/test_file_1pg/default.pwg	pdftoraster	corpus/pdf/test_file_1pg.pdf	application/pdf	image/pwg-raster	pdftopdf,pdftoraster	1	1	iso_a4_210x297mm	1	
pdftoraster/test_file_1pg/print-color-mode-monochrome.pwg	pdftoraster	corpus/pdf/test_file_1pg.pdf	application/pdf	image/pwg-raster	pdftopdf,pdftoraster	1	1	iso_a4_210x297mm	1	print-color-mode=monochrome
pdftoraster/test_file_1pg/print-color-mode-color.pwg	pdftoraster	corpus/pdf/test_file_1pg.pdf	application/pdf	image/pwg-raster	pdftopdf,pdftoraster	1	1	iso_a4_210x297mm	1	print-color-mode=color
pdftoraster/test_file_1pg/printer-resolution-600dpi.pwg	pdftoraster	corpus/pdf/test_file_1pg.pdf	application/pdf	image/pwg-raster	pdftopdf,pdftoraster	1	1	iso_a4_210x297mm	1	printer-resolution=600dpi
pdftoraster/test_file_1pg/print-quality-3.pwg	pdftoraster	corpus/pdf/test_file_1pg.pdf	application/pdf	image/pwg-raster	pdftopdf,pdftoraster	1	1	iso_a4_210x297mm	1	print-quality=3
pdftoraster/test_file_1pg/print-quality-5.pwg	pdftoraster	corpus/pdf/test_file_1pg.pdf	application/pdf	image/pwg-raster	pdftopdf,pdftoraster	1	1	iso_a4_210x297mm	1	print-quality=5
pdftoraster/test_file_1pg/sides-two-sided-long-edge.pwg	pdftoraster	corpus/pdf/test_file_1pg.pdf	application/pdf	image/pwg-raster	pdftopdf,pdftoraster	1	1	iso_a4_210x297mm	1	sides=two-sided-long-edge
pdftoraster/test_file_1pg/sides-two-sided-short-edge.pwg	pdftoraster	corpus/pdf/test_file_1pg.pdf	application/pdf	image/pwg-raster	pdftopdf,pdftoraster	1	1	iso_a4_210x297mm	1	sides=two-sided-short-edge
pdftoraster/test_file_1pg/orientation-requested-4.pwg	pdftoraster	corpus/pdf/test_file_1pg.pdf	application/pdf	image/pwg-raster	pdftopdf,pdftoraster	1	1	iso_a4_210x297mm	1	orientation-requested=4
pdftoraster/test_file_1pg/number-up-2.pwg	pdftoraster	corpus/pdf/test_file_1pg.pdf	application/pdf	image/pwg-raster	pdftopdf,pdftoraster	1	1	iso_a4_210x297mm	1	number-up=2
pdftoraster/test_file_1pg/media-na-letter-8-5x11in.pwg	pdftoraster	corpus/pdf/test_file_1pg.pdf	application/pdf	image/pwg-raster	pdftopdf,pdftoraster	1	1	iso_a4_210x297mm	1	media=na_letter_8.5x11in
pdftoraster/test_file_1pg/print-scaling-fill.pwg	pdftoraster	corpus/pdf/test_file_1pg.pdf	application/pdf	image/pwg-raster	pdftopdf,pdftoraster	1	1	iso_a4_210x297mm	1	print-scaling=fill
pdftoraster/test_file_1pg/default-mono-printer.pwg	pdftoraster	corpus/pdf/test_file_1pg.pdf	application/pdf	image/pwg-raster	pdftopdf,pdftoraster	0	1	iso_a4_210x297mm	1	
pdftoraster/test_file_1pg/default.urf	pdftoraster	corpus/pdf/test_file_1pg.pdf	application/pdf	image/urf	pdftopdf,pdftoraster	1	1	iso_a4_210x297mm	1	
pdftoraster/test_file_1pg/default.ras	pdftoraster	corpus/pdf/test_file_1pg.pdf	application/pdf	application/vnd.cups-raster	pdftopdf,pdftoraster	1	1	iso_a4_210x297mm	1	
pdftopdf/test_file_4pg/default.pdf	pdftopdf	corpus/pdf/test_file_4pg.pdf	application/pdf	application/pdf	pdftopdf	1	1	iso_a4_210x297mm	1	
pdftopdf/test_file_4pg/number-up-2.pdf	pdftopdf	corpus/pdf/test_file_4pg.pdf	application/pdf	application/pdf	pdftopdf	1	1	iso_a4_210x297mm	1	number-up=2
pdftopdf/test_file_4pg/number-up-3.pdf	pdftopdf	corpus/pdf/test_file_4pg.pdf	application/pdf	application/pdf	pdftopdf	1	1	iso_a4_210x297mm	1	number-up=3
pdftopdf/test_file_4pg/number-up-4.pdf	pdftopdf	corpus/pdf/test_file_4pg.pdf	application/pdf	application/pdf	pdftopdf	1	1	iso_a4_210x297mm	1	number-up=4
pdftopdf/test_file_4pg/number-up-6.pdf	pdftopdf	corpus/pdf/test_file_4pg.pdf	application/pdf	application/pdf	pdftopdf	1	1	iso_a4_210x297mm	1	number-up=6
pdftopdf/test_file_4pg/number-up-8.pdf	pdftopdf	corpus/pdf/test_file_4pg.pdf	application/pdf	application/pdf	pdftopdf	1	1	iso_a4_210x297mm	1	number-up=8
pdftopdf/test_file_4pg/number-up-9.pdf	pdftopdf	corpus/pdf/test_file_4pg.pdf	application/pdf	application/pdf	pdftopdf	1	1	iso_a4_210x297mm	1	number-up=9
pdftopdf/test_file_4pg/number-up-10.pdf	pdftopdf	corpus/pdf/test_file_4pg.pdf	application/pdf	application/pdf	pdftopdf	1	1	iso_a4_210x297mm	1	number-up=10
pdftopdf/test_file_4pg/number-up-12.pdf	pdftopdf	corpus/pdf/test_file_4pg.pdf	application/pdf	application/pdf	pdftopdf	1	1	iso_a4_210x297mm	1	number-up=12
pdftopdf/test_file_4pg/number-up-15.pdf	pdftopdf	corpus/pdf/test_file_4pg.pdf	application/pdf	application/pdf	pdftopdf	1	1	iso_a4_210x297mm	1	number-up=15
pdftopdf/test_file_4pg/number-up-16.pdf	pdftopdf	corpus/pdf/test_file_4pg.pdf	application/pdf	application/pdf	pdftopdf	1	1	iso_a4_210x297mm	1	number-up=16
pdftopdf/test_file_4pg/number-up-4-number-up-layout-lrtb.pdf	pdftopdf	corpus/pdf/test_file_4pg.pdf	application/pdf	application/pdf	pdftopdf	1	1	iso_a4_210x297mm	1	number-up=4 number-up-layout=lrtb
pdftopdf/test_file_4pg/number-up-4-number-up-layout-rltb.pdf	pdftopdf	corpus/pdf/test_file_4pg.pdf	application/pdf	application/pdf	pdftopdf	1	1	iso_a4_210x297mm	1	number-up=4 number-up-layout=rltb
pdftopdf/test_file_4pg/number-up-4-number-up-layout-tblr.pdf	pdftopdf	corpus/pdf/test_file_4pg.pdf	application/pdf	application/pdf	pdftopdf	1	1	iso_a4_210x297mm	1	number-up=4 number-up-layout=tblr
pdftopdf/test_file_4pg/number-up-4-number-up-layout-btlr.pdf	pdftopdf	corpus/pdf/test_file_4pg.pdf	application/pdf	application/pdf	pdftopdf	1	1	iso_a4_210x297mm	1	number-up=4 number-up-layout=btlr
pdftopdf/test_file_4pg/number-up-4-number-up-layout-lrbt.pdf	pdftopdf	corpus/pdf/test_file_4pg.pdf	application/pdf	application/pdf	pdftopdf	1	1	iso_a4_210x297mm	1	number-up=4 number-up-layout=lrbt
pdftopdf/test_file_4pg/number-up-4-number-up-layout-rlbt.pdf	pdftopdf	corpus/pdf/test_file_4pg.pdf	application/pdf	application/pdf	pdftopdf	1	1	iso_a4_210x297mm	1	number-up=4 number-up-layout=rlbt
pdftopdf/test_file_4pg/number-up-4-number-up-layout-tbrl.pdf	pdftopdf	corpus/pdf/test_file_4pg.pdf	application/pdf	application/pdf	pdftopdf	1	1	iso_a4_210x297mm	1	number-up=4 number-up-layout=tbrl
pdftopdf/test_file_4pg/number-up-4-number-up-layout-btrl.pdf	pdftopdf	corpus/pdf/test_file_4pg.pdf	application/pdf	application/pdf	pdftopdf	1	1	iso_a4_210x297mm	1	number-up=4 number-up-layout=btrl
pdftopdf/test_file_4pg/number-up-2-page-border-single.pdf	pdftopdf	corpus/pdf/test_file_4pg.pdf	application/pdf	application/pdf	pdftopdf	1	1	iso_a4_210x297mm	1	number-up=2 page-border=single
pdftopdf/test_file_4pg/number-up-2-page-border-single-thick.pdf	pdftopdf	corpus/pdf/test_file_4pg.pdf	application/pdf	application/pdf	pdftopdf	1	1	iso_a4_210x297mm	1	number-up=2 page-border=single-thick
pdftopdf/test_file_4pg/number-up-2-page-border-double.pdf	pdftopdf	corpus/pdf/test_file_4pg.pdf	application/pdf	application/pdf	pdftopdf	1	1	iso_a4_210x297mm	1	number-up=2 page-border=double
pdftopdf/test_file_4pg/number-up-2-page-border-double-thick.pdf	pdftopdf	corpus/pdf/test_file_4pg.pdf	application/pdf	application/pdf	pdftopdf	1	1	iso_a4_210x297mm	1	number-up=2 page-border=double-thick
pdftopdf/test_file_4pg/orientation-requested-3.pdf	pdftopdf	corpus/pdf/test_file_4pg.pdf	application/pdf	application/pdf	pdftopdf	1	1	iso_a4_210x297mm	1	orientation-requested=3
pdftopdf/test_file_4pg/orientation-requested-4.pdf	pdftopdf	corpus/pdf/test_file_4pg.pdf	application/pdf	application/pdf	pdftopdf	1	1	iso_a4_210x297mm	1	orientation-requested=4
pdftopdf/test_file_4pg/orientation-requested-5.pdf	pdftopdf	corpus/pdf/test_file_4pg.pdf	application/pdf	application/pdf	pdftopdf	1	1	iso_a4_210x297mm	1	orientation-requested=5
pdftopdf/test_file_4pg/orientation-requested-6.pdf	pdftopdf	corpus/pdf/test_file_4pg.pdf	application/pdf	application/pdf	pdftopdf	1	1	iso_a4_210x297mm	1	orientation-requested=6
pdftopdf/test_file_4pg/landscape-true.pdf	pdftopdf	corpus/pdf/test_file_4pg.pdf	application/pdf	application/pdf	pdftopdf	1	1	iso_a4_210x297mm	1	landscape=true
pdftopdf/test_file_4pg/pdfAutoRotate-false.pdf	pdftopdf	corpus/pdf/test_file_4pg.pdf	application/pdf	application/pdf	pdftopdf	1	1	iso_a4_210x297mm	1	pdfAutoRotate=false
pdftopdf/test_file_4pg/nopdfAutoRotate-true.pdf	pdftopdf	corpus/pdf/test_file_4pg.pdf	application/pdf	application/pdf	pdftopdf	1	1	iso_a4_210x297mm	1	nopdfAutoRotate=true
pdftopdf/test_file_4pg/page-ranges-1.pdf	pdftopdf	corpus/pdf/test_file_4pg.pdf	application/pdf	application/pdf	pdftopdf	1	1	iso_a4_210x297mm	1	page-ranges=1
pdftopdf/test_file_4pg/page-ranges-2-3.pdf	pdftopdf	corpus/pdf/test_file_4pg.pdf	application/pdf	application/pdf	pdftopdf	1	1	iso_a4_210x297mm	1	page-ranges=2-3
pdftopdf/test_file_4pg/page-ranges-1-3.pdf	pdftopdf	corpus/pdf/test_file_4pg.pdf	application/pdf	application/pdf	pdftopdf	1	1	iso_a4_210x297mm	1	page-ranges=1,3
pdftopdf/test_file_4pg/page-ranges-2.pdf	pdftopdf	corpus/pdf/test_file_4pg.pdf	application/pdf	application/pdf	pdftopdf	1	1	iso_a4_210x297mm	1	page-ranges=2-
pdftopdf/test_file_4pg/page-ranges-1-2-4.pdf	pdftopdf	corpus/pdf/test_file_4pg.pdf	application/pdf	application/pdf	pdftopdf	1	1	iso_a4_210x297mm	1	page-ranges=1-2,4
pdftopdf/test_file_4pg/page-set-odd.pdf	pdftopdf	corpus/pdf/test_file_4pg.pdf	application/pdf	application/pdf	pdftopdf	1	1	iso_a4_210x297mm	1	page-set=odd
pdftopdf/test_file_4pg/page-set-even.pdf	pdftopdf	corpus/pdf/test_file_4pg.pdf	application/pdf	application/pdf	pdftopdf	1	1	iso_a4_210x297mm	1	page-set=even
pdftopdf/test_file_4pg/output-order-reverse.pdf	pdftopdf	corpus/pdf/test_file_4pg.pdf	application/pdf	application/pdf	pdftopdf	1	1	iso_a4_210x297mm	1	output-order=reverse
pdftopdf/test_file_4pg/outputorder-reverse.pdf	pdftopdf	corpus/pdf/test_file_4pg.pdf	application/pdf	application/pdf	pdftopdf	1	1	iso_a4_210x297mm	1	outputorder=reverse
pdftopdf/test_file_4pg/sides-one-sided.pdf	pdftopdf	corpus/pdf/test_file_4pg.pdf	application/pdf	application/pdf	pdftopdf	1	1	iso_a4_210x297mm	1	sides=one-sided
pdftopdf/test_file_4pg/sides-two-sided-long-edge.pdf	pdftopdf	corpus/pdf/test_file_4pg.pdf	application/pdf	application/pdf	pdftopdf	1	1	iso_a4_210x297mm	1	sides=two-sided-long-edge
pdftopdf/test_file_4pg/sides-two-sided-short-edge.pdf	pdftopdf	corpus/pdf/test_file_4pg.pdf	application/pdf	application/pdf	pdftopdf	1	1	iso_a4_210x297mm	1	sides=two-sided-short-edge
pdftopdf/test_file_4pg/sides-two-sided-long-edge-even-duplex-true.pdf	pdftopdf	corpus/pdf/test_file_4pg.pdf	application/pdf	application/pdf	pdftopdf	1	1	iso_a4_210x297mm	1	sides=two-sided-long-edge even-duplex=true
pdftopdf/test_file_4pg/booklet-on.pdf	pdftopdf	corpus/pdf/test_file_4pg.pdf	application/pdf	application/pdf	pdftopdf	1	1	iso_a4_210x297mm	1	booklet=on
pdftopdf/test_file_4pg/booklet-on-sides-two-sided-short-edge.pdf	pdftopdf	corpus/pdf/test_file_4pg.pdf	application/pdf	application/pdf	pdftopdf	1	1	iso_a4_210x297mm	1	booklet=on sides=two-sided-short-edge
pdftopdf/test_file_4pg/imposition-template-booklet.pdf	pdftopdf	corpus/pdf/test_file_4pg.pdf	application/pdf	application/pdf	pdftopdf	1	1	iso_a4_210x297mm	1	imposition-template=booklet
pdftopdf/test_file_4pg/mirror-true.pdf	pdftopdf	corpus/pdf/test_file_4pg.pdf	application/pdf	application/pdf	pdftopdf	1	1	iso_a4_210x297mm	1	mirror=true
pdftopdf/test_file_4pg/print-scaling-auto.pdf	pdftopdf	corpus/pdf/test_file_4pg.pdf	application/pdf	application/pdf	pdftopdf	1	1	iso_a4_210x297mm	1	print-scaling=auto
pdftopdf/test_file_4pg/print-scaling-auto-fit.pdf	pdftopdf	corpus/pdf/test_file_4pg.pdf	application/pdf	application/pdf	pdftopdf	1	1	iso_a4_210x297mm	1	print-scaling=auto-fit
pdftopdf/test_file_4pg/print-scaling-fill.pdf	pdftopdf	corpus/pdf/test_file_4pg.pdf	application/pdf	application/pdf	pdftopdf	1	1	iso_a4_210x297mm	1	print-scaling=fill
pdftopdf/test_file_4pg/print-scaling-fit.pdf	pdftopdf	corpus/pdf/test_file_4pg.pdf	application/pdf	application/pdf	pdftopdf	1	1	iso_a4_210x297mm	1	print-scaling=fit
pdftopdf/test_file_4pg/print-scaling-none.pdf	pdftopdf	corpus/pdf/test_file_4pg.pdf	application/pdf	application/pdf	pdftopdf	1	1	iso_a4_210x297mm	1	print-scaling=none
pdftopdf/test_file_4pg/fit-to-page-true.pdf	pdftopdf	corpus/pdf/test_file_4pg.pdf	application/pdf	application/pdf	pdftopdf	1	1	iso_a4_210x297mm	1	fit-to-page=true
pdftopdf/test_file_4pg/fill-true.pdf	pdftopdf	corpus/pdf/test_file_4pg.pdf	application/pdf	application/pdf	pdftopdf	1	1	iso_a4_210x297mm	1	fill=true
pdftopdf/test_file_4pg/crop-to-fit-true.pdf	pdftopdf	corpus/pdf/test_file_4pg.pdf	application/pdf	application/pdf	pdftopdf	1	1	iso_a4_210x297mm	1	crop-to-fit=true
pdftopdf/test_file_4pg/nofit-to-page-true.pdf	pdftopdf	corpus/pdf/test_file_4pg.pdf	application/pdf	application/pdf	pdftopdf	1	1	iso_a4_210x297mm	1	nofit-to-page=true
pdftopdf/test_file_4pg/position-center.pdf	pdftopdf	corpus/pdf/test_file_4pg.pdf	application/pdf	application/pdf	pdftopdf	1	1	iso_a4_210x297mm	1	position=center
pdftopdf/test_file_4pg/position-top.pdf	pdftopdf	corpus/pdf/test_file_4pg.pdf	application/pdf	application/pdf	pdftopdf	1	1	iso_a4_210x297mm	1	position=top
pdftopdf/test_file_4pg/position-bottom.pdf	pdftopdf	corpus/pdf/test_file_4pg.pdf	application/pdf	application/pdf	pdftopdf	1	1	iso_a4_210x297mm	1	position=bottom
pdftopdf/test_file_4pg/position-left.pdf	pdftopdf	corpus/pdf/test_file_4pg.pdf	application/pdf	application/pdf	pdftopdf	1	1	iso_a4_210x297mm	1	position=left
pdftopdf/test_file_4pg/position-right.pdf	pdftopdf	corpus/pdf/test_file_4pg.pdf	application/pdf	application/pdf	pdftopdf	1	1	iso_a4_210x297mm	1	position=right
pdftopdf/test_file_4pg/position-top-left.pdf	pdftopdf	corpus/pdf/test_file_4pg.pdf	application/pdf	application/pdf	pdftopdf	1	1	iso_a4_210x297mm	1	position=top-left
pdftopdf/test_file_4pg/position-bottom-right.pdf	pdftopdf	corpus/pdf/test_file_4pg.pdf	application/pdf	application/pdf	pdftopdf	1	1	iso_a4_210x297mm	1	position=bottom-right
pdftopdf/test_file_4pg/page-left-36-page-right-36-page-top-72-page-bottom-21dfcfa5.pdf	pdftopdf	corpus/pdf/test_file_4pg.pdf	application/pdf	application/pdf	pdftopdf	1	1	iso_a4_210x297mm	1	page-left=36 page-right=36 page-top=72 page-bottom=72 fit-to-page=true
pdftopdf/test_file_4pg/media-na-letter-8-5x11in.pdf	pdftopdf	corpus/pdf/test_file_4pg.pdf	application/pdf	application/pdf	pdftopdf	1	1	iso_a4_210x297mm	1	media=na_letter_8.5x11in
pdftopdf/test_file_4pg/media-na-legal-8-5x14in.pdf	pdftopdf	corpus/pdf/test_file_4pg.pdf	application/pdf	application/pdf	pdftopdf	1	1	iso_a4_210x297mm	1	media=na_legal_8.5x14in
pdftopdf/test_file_4pg/media-iso-a5-148x210mm.pdf	pdftopdf	corpus/pdf/test_file_4pg.pdf	application/pdf	application/pdf	pdftopdf	1	1	iso_a4_210x297mm	1	media=iso_a5_148x210mm
pdftopdf/test_file_4pg/media-iso-a3-297x420mm.pdf	pdftopdf	corpus/pdf/test_file_4pg.pdf	application/pdf	application/pdf	pdftopdf	1	1	iso_a4_210x297mm	1	media=iso_a3_297x420mm
pdftopdf/test_file_4pg/page-label-REGRESSION-LABEL.pdf	pdftopdf	corpus/pdf/test_file_4pg.pdf	application/pdf	application/pdf	pdftopdf	1	1	iso_a4_210x297mm	1	page-label=REGRESSION-LABEL
pdftopdf/test_file_4pg/multiple-document-handling-separate-documents-coll-3d1a7cf7.pdf	pdftopdf	corpus/pdf/test_file_4pg.pdf	application/pdf	application/pdf	pdftopdf	1	1	iso_a4_210x297mm	1	multiple-document-handling=separate-documents-collated-copies
pdftopdf/test_file_4pg/multiple-document-handling-separate-documents-unco-af2d881a.pdf	pdftopdf	corpus/pdf/test_file_4pg.pdf	application/pdf	application/pdf	pdftopdf	1	1	iso_a4_210x297mm	1	multiple-document-handling=separate-documents-uncollated-copies
pdftopdf/test_file_4pg/collate-true.pdf	pdftopdf	corpus/pdf/test_file_4pg.pdf	application/pdf	application/pdf	pdftopdf	1	1	iso_a4_210x297mm	1	collate=true
pdftopdf/test_file_4pg/collate-false.pdf	pdftopdf	corpus/pdf/test_file_4pg.pdf	application/pdf	application/pdf	pdftopdf	1	1	iso_a4_210x297mm	1	collate=false
pdftopdf/test_file_4pg/page-set-odd-sides-two-sided-short-edge-mirror-tru-88f44847.pdf	pdftopdf	corpus/pdf/test_file_4pg.pdf	application/pdf	application/pdf	pdftopdf	1	1	iso_a4_210x297mm	1	page-set=odd sides=two-sided-short-edge mirror=true page-border=single media=na_letter_8.5x11in output-order=reverse
pdftopdf/test_file_4pg/orientation-requested-4-print-scaling-none-mirror-true.pdf	pdftopdf	corpus/pdf/test_file_4pg.pdf	application/pdf	application/pdf	pdftopdf	1	1	iso_a4_210x297mm	1	orientation-requested=4 print-scaling=none mirror=true
pdftopdf/test_file_4pg/orientation-requested-5-print-scaling-fit-page-set-aabd8fa3.pdf	pdftopdf	corpus/pdf/test_file_4pg.pdf	application/pdf	application/pdf	pdftopdf	1	1	iso_a4_210x297mm	1	orientation-requested=5 print-scaling=fit page-set=even sides=two-sided-long-edge media=na_letter_8.5x11in output-order=reverse
pdftopdf/test_file_4pg/orientation-requested-6-print-scaling-fill-page-se-8c7a4ecd.pdf	pdftopdf	corpus/pdf/test_file_4pg.pdf	application/pdf	application/pdf	pdftopdf	1	1	iso_a4_210x297mm	1	orientation-requested=6 print-scaling=fill page-set=even sides=two-sided-short-edge mirror=true page-border=single
pdftopdf/test_file_4pg/number-up-2-print-scaling-fit-sides-two-sided-long-576d7fb6.pdf	pdftopdf	corpus/pdf/test_file_4pg.pdf	application/pdf	application/pdf	pdftopdf	1	1	iso_a4_210x297mm	1	number-up=2 print-scaling=fit sides=two-sided-long-edge page-border=single
pdftopdf/test_file_4pg/number-up-2-orientation-requested-4-print-scaling--ce78b144.pdf	pdftopdf	corpus/pdf/test_file_4pg.pdf	application/pdf	application/pdf	pdftopdf	1	1	iso_a4_210x297mm	1	number-up=2 orientation-requested=4 print-scaling=fill page-set=odd sides=two-sided-long-edge mirror=true media=na_letter_8.5x11in output-order=reverse
pdftopdf/test_file_4pg/number-up-2-orientation-requested-5-print-scaling--abb7f6e0.pdf	pdftopdf	corpus/pdf/test_file_4pg.pdf	application/pdf	application/pdf	pdftopdf	1	1	iso_a4_210x297mm	1	number-up=2 orientation-requested=5 print-scaling=none page-set=odd sides=two-sided-short-edge page-border=single media=na_letter_8.5x11in
pdftopdf/test_file_4pg/number-up-2-orientation-requested-6-page-set-even--e8135f6f.pdf	pdftopdf	corpus/pdf/test_file_4pg.pdf	application/pdf	application/pdf	pdftopdf	1	1	iso_a4_210x297mm	1	number-up=2 orientation-requested=6 page-set=even media=na_letter_8.5x11in output-order=reverse
pdftopdf/test_file_4pg/number-up-4-print-scaling-none-sides-two-sided-sho-2a337940.pdf	pdftopdf	corpus/pdf/test_file_4pg.pdf	application/pdf	application/pdf	pdftopdf	1	1	iso_a4_210x297mm	1	number-up=4 print-scaling=none sides=two-sided-short-edge mirror=true media=na_letter_8.5x11in output-order=reverse
pdftopdf/test_file_4pg/number-up-4-orientation-requested-4-print-scaling--50b0bedf.pdf	pdftopdf	corpus/pdf/test_file_4pg.pdf	application/pdf	application/pdf	pdftopdf	1	1	iso_a4_210x297mm	1	number-up=4 orientation-requested=4 print-scaling=fit page-set=odd mirror=true page-border=single output-order=reverse
pdftopdf/test_file_4pg/number-up-4-orientation-requested-5.pdf	pdftopdf	corpus/pdf/test_file_4pg.pdf	application/pdf	application/pdf	pdftopdf	1	1	iso_a4_210x297mm	1	number-up=4 orientation-requested=5
pdftopdf/test_file_4pg/number-up-4-orientation-requested-6-print-scaling--9dfdcd8c.pdf	pdftopdf	corpus/pdf/test_file_4pg.pdf	application/pdf	application/pdf	pdftopdf	1	1	iso_a4_210x297mm	1	number-up=4 orientation-requested=6 print-scaling=none page-set=even sides=two-sided-long-edge media=na_letter_8.5x11in
pdftopdf/test_file_4pg/number-up-4-print-scaling-fill-page-border-single.pdf	pdftopdf	corpus/pdf/test_file_4pg.pdf	application/pdf	application/pdf	pdftopdf	1	1	iso_a4_210x297mm	1	number-up=4 print-scaling=fill page-border=single
pdftopdf/test_file_4pg/number-up-6-page-set-even-sides-two-sided-long-edg-63dc2368.pdf	pdftopdf	corpus/pdf/test_file_4pg.pdf	application/pdf	application/pdf	pdftopdf	1	1	iso_a4_210x297mm	1	number-up=6 page-set=even sides=two-sided-long-edge mirror=true media=na_letter_8.5x11in output-order=reverse
pdftopdf/test_file_4pg/number-up-6-orientation-requested-4-print-scaling--257889da.pdf	pdftopdf	corpus/pdf/test_file_4pg.pdf	application/pdf	application/pdf	pdftopdf	1	1	iso_a4_210x297mm	1	number-up=6 orientation-requested=4 print-scaling=fill sides=two-sided-short-edge page-border=single
pdftopdf/test_file_4pg/number-up-6-orientation-requested-5-print-scaling--87124e38.pdf	pdftopdf	corpus/pdf/test_file_4pg.pdf	application/pdf	application/pdf	pdftopdf	1	1	iso_a4_210x297mm	1	number-up=6 orientation-requested=5 print-scaling=fit page-set=even sides=two-sided-short-edge mirror=true page-border=single media=na_letter_8.5x11in
pdftopdf/test_file_4pg/number-up-6-orientation-requested-6-print-scaling--a2e6d38e.pdf	pdftopdf	corpus/pdf/test_file_4pg.pdf	application/pdf	application/pdf	pdftopdf	1	1	iso_a4_210x297mm	1	number-up=6 orientation-requested=6 print-scaling=none page-set=odd page-border=single media=na_letter_8.5x11in output-order=reverse
pdftopdf/test_file_4pg/orientation-requested-4-page-set-even-sides-two-si-db0f91eb.pdf	pdftopdf	corpus/pdf/test_file_4pg.pdf	application/pdf	application/pdf	pdftopdf	1	1	iso_a4_210x297mm	1	orientation-requested=4 page-set=even sides=two-sided-long-edge
pdftopdf/test_file_4pg/number-up-2-orientation-requested-5-print-scaling--c36ee955.pdf	pdftopdf	corpus/pdf/test_file_4pg.pdf	application/pdf	application/pdf	pdftopdf	1	1	iso_a4_210x297mm	1	number-up=2 orientation-requested=5 print-scaling=fill page-set=even sides=two-sided-long-edge mirror=true
pdftopdf/test_file_4pg/orientation-requested-6-print-scaling-fit-mirror-t-84e2532f.pdf	pdftopdf	corpus/pdf/test_file_4pg.pdf	application/pdf	application/pdf	pdftopdf	1	1	iso_a4_210x297mm	1	orientation-requested=6 print-scaling=fit mirror=true media=na_letter_8.5x11in output-order=reverse
pdftopdf/test_file_4pg/default-copies2.pdf	pdftopdf	corpus/pdf/test_file_4pg.pdf	application/pdf	application/pdf	pdftopdf	1	1	iso_a4_210x297mm	2	
pdftopdf/test_file_4pg/collate-false-copies2.pdf	pdftopdf	corpus/pdf/test_file_4pg.pdf	application/pdf	application/pdf	pdftopdf	1	1	iso_a4_210x297mm	2	collate=false
pdftopdf/test_file_4pg/default-mono-printer-simplex-printer.pdf	pdftopdf	corpus/pdf/test_file_4pg.pdf	application/pdf	application/pdf	pdftopdf	0	0	iso_a4_210x297mm	1	
pdftoraster/test_file_4pg/default.pwg	pdftoraster	corpus/pdf/test_file_4pg.pdf	application/pdf	image/pwg-raster	pdftopdf,pdftoraster	1	1	iso_a4_210x297mm	1	
pdftoraster/test_file_4pg/print-color-mode-monochrome.pwg	pdftoraster	corpus/pdf/test_file_4pg.pdf	application/pdf	image/pwg-raster	pdftopdf,pdftoraster	1	1	iso_a4_210x297mm	1	print-color-mode=monochrome
pdftoraster/test_file_4pg/print-color-mode-color.pwg	pdftoraster	corpus/pdf/test_file_4pg.pdf	application/pdf	image/pwg-raster	pdftopdf,pdftoraster	1	1	iso_a4_210x297mm	1	print-color-mode=color
pdftoraster/test_file_4pg/printer-resolution-600dpi.pwg	pdftoraster	corpus/pdf/test_file_4pg.pdf	application/pdf	image/pwg-raster	pdftopdf,pdftoraster	1	1	iso_a4_210x297mm	1	printer-resolution=600dpi
pdftoraster/test_file_4pg/print-quality-3.pwg	pdftoraster	corpus/pdf/test_file_4pg.pdf	application/pdf	image/pwg-raster	pdftopdf,pdftoraster	1	1	iso_a4_210x297mm	1	print-quality=3
pdftoraster/test_file_4pg/print-quality-5.pwg	pdftoraster	corpus/pdf/test_file_4pg.pdf	application/pdf	image/pwg-raster	pdftopdf,pdftoraster	1	1	iso_a4_210x297mm	1	print-quality=5
pdftoraster/test_file_4pg/sides-two-sided-long-edge.pwg	pdftoraster	corpus/pdf/test_file_4pg.pdf	application/pdf	image/pwg-raster	pdftopdf,pdftoraster	1	1	iso_a4_210x297mm	1	sides=two-sided-long-edge
pdftoraster/test_file_4pg/sides-two-sided-short-edge.pwg	pdftoraster	corpus/pdf/test_file_4pg.pdf	application/pdf	image/pwg-raster	pdftopdf,pdftoraster	1	1	iso_a4_210x297mm	1	sides=two-sided-short-edge
pdftoraster/test_file_4pg/orientation-requested-4.pwg	pdftoraster	corpus/pdf/test_file_4pg.pdf	application/pdf	image/pwg-raster	pdftopdf,pdftoraster	1	1	iso_a4_210x297mm	1	orientation-requested=4
pdftoraster/test_file_4pg/number-up-2.pwg	pdftoraster	corpus/pdf/test_file_4pg.pdf	application/pdf	image/pwg-raster	pdftopdf,pdftoraster	1	1	iso_a4_210x297mm	1	number-up=2
pdftoraster/test_file_4pg/media-na-letter-8-5x11in.pwg	pdftoraster	corpus/pdf/test_file_4pg.pdf	application/pdf	image/pwg-raster	pdftopdf,pdftoraster	1	1	iso_a4_210x297mm	1	media=na_letter_8.5x11in
pdftoraster/test_file_4pg/print-scaling-fill.pwg	pdftoraster	corpus/pdf/test_file_4pg.pdf	application/pdf	image/pwg-raster	pdftopdf,pdftoraster	1	1	iso_a4_210x297mm	1	print-scaling=fill
pdftoraster/test_file_4pg/default-mono-printer.pwg	pdftoraster	corpus/pdf/test_file_4pg.pdf	application/pdf	image/pwg-raster	pdftopdf,pdftoraster	0	1	iso_a4_210x297mm	1	
pdftoraster/test_file_4pg/default.urf	pdftoraster	corpus/pdf/test_file_4pg.pdf	application/pdf	image/urf	pdftopdf,pdftoraster	1	1	iso_a4_210x297mm	1	
pdftoraster/test_file_4pg/default.ras	pdftoraster	corpus/pdf/test_file_4pg.pdf	application/pdf	application/vnd.cups-raster	pdftopdf,pdftoraster	1	1	iso_a4_210x297mm	1	
pdftopdf/test_file_8pg/default.pdf	pdftopdf	corpus/pdf/test_file_8pg.pdf	application/pdf	application/pdf	pdftopdf	1	1	iso_a4_210x297mm	1	
pdftopdf/test_file_8pg/number-up-2.pdf	pdftopdf	corpus/pdf/test_file_8pg.pdf	application/pdf	application/pdf	pdftopdf	1	1	iso_a4_210x297mm	1	number-up=2
pdftopdf/test_file_8pg/number-up-3.pdf	pdftopdf	corpus/pdf/test_file_8pg.pdf	application/pdf	application/pdf	pdftopdf	1	1	iso_a4_210x297mm	1	number-up=3
pdftopdf/test_file_8pg/number-up-4.pdf	pdftopdf	corpus/pdf/test_file_8pg.pdf	application/pdf	application/pdf	pdftopdf	1	1	iso_a4_210x297mm	1	number-up=4
pdftopdf/test_file_8pg/number-up-6.pdf	pdftopdf	corpus/pdf/test_file_8pg.pdf	application/pdf	application/pdf	pdftopdf	1	1	iso_a4_210x297mm	1	number-up=6
pdftopdf/test_file_8pg/number-up-8.pdf	pdftopdf	corpus/pdf/test_file_8pg.pdf	application/pdf	application/pdf	pdftopdf	1	1	iso_a4_210x297mm	1	number-up=8
pdftopdf/test_file_8pg/number-up-9.pdf	pdftopdf	corpus/pdf/test_file_8pg.pdf	application/pdf	application/pdf	pdftopdf	1	1	iso_a4_210x297mm	1	number-up=9
pdftopdf/test_file_8pg/number-up-10.pdf	pdftopdf	corpus/pdf/test_file_8pg.pdf	application/pdf	application/pdf	pdftopdf	1	1	iso_a4_210x297mm	1	number-up=10
pdftopdf/test_file_8pg/number-up-12.pdf	pdftopdf	corpus/pdf/test_file_8pg.pdf	application/pdf	application/pdf	pdftopdf	1	1	iso_a4_210x297mm	1	number-up=12
pdftopdf/test_file_8pg/number-up-15.pdf	pdftopdf	corpus/pdf/test_file_8pg.pdf	application/pdf	application/pdf	pdftopdf	1	1	iso_a4_210x297mm	1	number-up=15
pdftopdf/test_file_8pg/number-up-16.pdf	pdftopdf	corpus/pdf/test_file_8pg.pdf	application/pdf	application/pdf	pdftopdf	1	1	iso_a4_210x297mm	1	number-up=16
pdftopdf/test_file_8pg/number-up-4-number-up-layout-lrtb.pdf	pdftopdf	corpus/pdf/test_file_8pg.pdf	application/pdf	application/pdf	pdftopdf	1	1	iso_a4_210x297mm	1	number-up=4 number-up-layout=lrtb
pdftopdf/test_file_8pg/number-up-4-number-up-layout-rltb.pdf	pdftopdf	corpus/pdf/test_file_8pg.pdf	application/pdf	application/pdf	pdftopdf	1	1	iso_a4_210x297mm	1	number-up=4 number-up-layout=rltb
pdftopdf/test_file_8pg/number-up-4-number-up-layout-tblr.pdf	pdftopdf	corpus/pdf/test_file_8pg.pdf	application/pdf	application/pdf	pdftopdf	1	1	iso_a4_210x297mm	1	number-up=4 number-up-layout=tblr
pdftopdf/test_file_8pg/number-up-4-number-up-layout-btlr.pdf	pdftopdf	corpus/pdf/test_file_8pg.pdf	application/pdf	application/pdf	pdftopdf	1	1	iso_a4_210x297mm	1	number-up=4 number-up-layout=btlr
pdftopdf/test_file_8pg/number-up-4-number-up-layout-lrbt.pdf	pdftopdf	corpus/pdf/test_file_8pg.pdf	application/pdf	application/pdf	pdftopdf	1	1	iso_a4_210x297mm	1	number-up=4 number-up-layout=lrbt
pdftopdf/test_file_8pg/number-up-4-number-up-layout-rlbt.pdf	pdftopdf	corpus/pdf/test_file_8pg.pdf	application/pdf	application/pdf	pdftopdf	1	1	iso_a4_210x297mm	1	number-up=4 number-up-layout=rlbt
pdftopdf/test_file_8pg/number-up-4-number-up-layout-tbrl.pdf	pdftopdf	corpus/pdf/test_file_8pg.pdf	application/pdf	application/pdf	pdftopdf	1	1	iso_a4_210x297mm	1	number-up=4 number-up-layout=tbrl
pdftopdf/test_file_8pg/number-up-4-number-up-layout-btrl.pdf	pdftopdf	corpus/pdf/test_file_8pg.pdf	application/pdf	application/pdf	pdftopdf	1	1	iso_a4_210x297mm	1	number-up=4 number-up-layout=btrl
pdftopdf/test_file_8pg/number-up-2-page-border-single.pdf	pdftopdf	corpus/pdf/test_file_8pg.pdf	application/pdf	application/pdf	pdftopdf	1	1	iso_a4_210x297mm	1	number-up=2 page-border=single
pdftopdf/test_file_8pg/number-up-2-page-border-single-thick.pdf	pdftopdf	corpus/pdf/test_file_8pg.pdf	application/pdf	application/pdf	pdftopdf	1	1	iso_a4_210x297mm	1	number-up=2 page-border=single-thick
pdftopdf/test_file_8pg/number-up-2-page-border-double.pdf	pdftopdf	corpus/pdf/test_file_8pg.pdf	application/pdf	application/pdf	pdftopdf	1	1	iso_a4_210x297mm	1	number-up=2 page-border=double
pdftopdf/test_file_8pg/number-up-2-page-border-double-thick.pdf	pdftopdf	corpus/pdf/test_file_8pg.pdf	application/pdf	application/pdf	pdftopdf	1	1	iso_a4_210x297mm	1	number-up=2 page-border=double-thick
pdftopdf/test_file_8pg/orientation-requested-3.pdf	pdftopdf	corpus/pdf/test_file_8pg.pdf	application/pdf	application/pdf	pdftopdf	1	1	iso_a4_210x297mm	1	orientation-requested=3
pdftopdf/test_file_8pg/orientation-requested-4.pdf	pdftopdf	corpus/pdf/test_file_8pg.pdf	application/pdf	application/pdf	pdftopdf	1	1	iso_a4_210x297mm	1	orientation-requested=4
pdftopdf/test_file_8pg/orientation-requested-5.pdf	pdftopdf	corpus/pdf/test_file_8pg.pdf	application/pdf	application/pdf	pdftopdf	1	1	iso_a4_210x297mm	1	orientation-requested=5
pdftopdf/test_file_8pg/orientation-requested-6.pdf	pdftopdf	corpus/pdf/test_file_8pg.pdf	application/pdf	application/pdf	pdftopdf	1	1	iso_a4_210x297mm	1	orientation-requested=6
pdftopdf/test_file_8pg/landscape-true.pdf	pdftopdf	corpus/pdf/test_file_8pg.pdf	application/pdf	application/pdf	pdftopdf	1	1	iso_a4_210x297mm	1	landscape=true
pdftopdf/test_file_8pg/pdfAutoRotate-false.pdf	pdftopdf	corpus/pdf/test_file_8pg.pdf	application/pdf	application/pdf	pdftopdf	1	1	iso_a4_210x297mm	1	pdfAutoRotate=false
pdftopdf/test_file_8pg/nopdfAutoRotate-true.pdf	pdftopdf	corpus/pdf/test_file_8pg.pdf	application/pdf	application/pdf	pdftopdf	1	1	iso_a4_210x297mm	1	nopdfAutoRotate=true
pdftopdf/test_file_8pg/page-ranges-1.pdf	pdftopdf	corpus/pdf/test_file_8pg.pdf	application/pdf	application/pdf	pdftopdf	1	1	iso_a4_210x297mm	1	page-ranges=1
pdftopdf/test_file_8pg/page-ranges-2-3.pdf	pdftopdf	corpus/pdf/test_file_8pg.pdf	application/pdf	application/pdf	pdftopdf	1	1	iso_a4_210x297mm	1	page-ranges=2-3
pdftopdf/test_file_8pg/page-ranges-1-3.pdf	pdftopdf	corpus/pdf/test_file_8pg.pdf	application/pdf	application/pdf	pdftopdf	1	1	iso_a4_210x297mm	1	page-ranges=1,3
pdftopdf/test_file_8pg/page-ranges-2.pdf	pdftopdf	corpus/pdf/test_file_8pg.pdf	application/pdf	application/pdf	pdftopdf	1	1	iso_a4_210x297mm	1	page-ranges=2-
pdftopdf/test_file_8pg/page-ranges-1-2-4.pdf	pdftopdf	corpus/pdf/test_file_8pg.pdf	application/pdf	application/pdf	pdftopdf	1	1	iso_a4_210x297mm	1	page-ranges=1-2,4
pdftopdf/test_file_8pg/page-set-odd.pdf	pdftopdf	corpus/pdf/test_file_8pg.pdf	application/pdf	application/pdf	pdftopdf	1	1	iso_a4_210x297mm	1	page-set=odd
pdftopdf/test_file_8pg/page-set-even.pdf	pdftopdf	corpus/pdf/test_file_8pg.pdf	application/pdf	application/pdf	pdftopdf	1	1	iso_a4_210x297mm	1	page-set=even
pdftopdf/test_file_8pg/output-order-reverse.pdf	pdftopdf	corpus/pdf/test_file_8pg.pdf	application/pdf	application/pdf	pdftopdf	1	1	iso_a4_210x297mm	1	output-order=reverse
pdftopdf/test_file_8pg/outputorder-reverse.pdf	pdftopdf	corpus/pdf/test_file_8pg.pdf	application/pdf	application/pdf	pdftopdf	1	1	iso_a4_210x297mm	1	outputorder=reverse
pdftopdf/test_file_8pg/sides-one-sided.pdf	pdftopdf	corpus/pdf/test_file_8pg.pdf	application/pdf	application/pdf	pdftopdf	1	1	iso_a4_210x297mm	1	sides=one-sided
pdftopdf/test_file_8pg/sides-two-sided-long-edge.pdf	pdftopdf	corpus/pdf/test_file_8pg.pdf	application/pdf	application/pdf	pdftopdf	1	1	iso_a4_210x297mm	1	sides=two-sided-long-edge
pdftopdf/test_file_8pg/sides-two-sided-short-edge.pdf	pdftopdf	corpus/pdf/test_file_8pg.pdf	application/pdf	application/pdf	pdftopdf	1	1	iso_a4_210x297mm	1	sides=two-sided-short-edge
pdftopdf/test_file_8pg/sides-two-sided-long-edge-even-duplex-true.pdf	pdftopdf	corpus/pdf/test_file_8pg.pdf	application/pdf	application/pdf	pdftopdf	1	1	iso_a4_210x297mm	1	sides=two-sided-long-edge even-duplex=true
pdftopdf/test_file_8pg/booklet-on.pdf	pdftopdf	corpus/pdf/test_file_8pg.pdf	application/pdf	application/pdf	pdftopdf	1	1	iso_a4_210x297mm	1	booklet=on
pdftopdf/test_file_8pg/booklet-on-sides-two-sided-short-edge.pdf	pdftopdf	corpus/pdf/test_file_8pg.pdf	application/pdf	application/pdf	pdftopdf	1	1	iso_a4_210x297mm	1	booklet=on sides=two-sided-short-edge
pdftopdf/test_file_8pg/imposition-template-booklet.pdf	pdftopdf	corpus/pdf/test_file_8pg.pdf	application/pdf	application/pdf	pdftopdf	1	1	iso_a4_210x297mm	1	imposition-template=booklet
pdftopdf/test_file_8pg/mirror-true.pdf	pdftopdf	corpus/pdf/test_file_8pg.pdf	application/pdf	application/pdf	pdftopdf	1	1	iso_a4_210x297mm	1	mirror=true
pdftopdf/test_file_8pg/print-scaling-auto.pdf	pdftopdf	corpus/pdf/test_file_8pg.pdf	application/pdf	application/pdf	pdftopdf	1	1	iso_a4_210x297mm	1	print-scaling=auto
pdftopdf/test_file_8pg/print-scaling-auto-fit.pdf	pdftopdf	corpus/pdf/test_file_8pg.pdf	application/pdf	application/pdf	pdftopdf	1	1	iso_a4_210x297mm	1	print-scaling=auto-fit
pdftopdf/test_file_8pg/print-scaling-fill.pdf	pdftopdf	corpus/pdf/test_file_8pg.pdf	application/pdf	application/pdf	pdftopdf	1	1	iso_a4_210x297mm	1	print-scaling=fill
pdftopdf/test_file_8pg/print-scaling-fit.pdf	pdftopdf	corpus/pdf/test_file_8pg.pdf	application/pdf	application/pdf	pdftopdf	1	1	iso_a4_210x297mm	1	print-scaling=fit
pdftopdf/test_file_8pg/print-scaling-none.pdf	pdftopdf	corpus/pdf/test_file_8pg.pdf	application/pdf	application/pdf	pdftopdf	1	1	iso_a4_210x297mm	1	print-scaling=none
pdftopdf/test_file_8pg/fit-to-page-true.pdf	pdftopdf	corpus/pdf/test_file_8pg.pdf	application/pdf	application/pdf	pdftopdf	1	1	iso_a4_210x297mm	1	fit-to-page=true
pdftopdf/test_file_8pg/fill-true.pdf	pdftopdf	corpus/pdf/test_file_8pg.pdf	application/pdf	application/pdf	pdftopdf	1	1	iso_a4_210x297mm	1	fill=true
pdftopdf/test_file_8pg/crop-to-fit-true.pdf	pdftopdf	corpus/pdf/test_file_8pg.pdf	application/pdf	application/pdf	pdftopdf	1	1	iso_a4_210x297mm	1	crop-to-fit=true
pdftopdf/test_file_8pg/nofit-to-page-true.pdf	pdftopdf	corpus/pdf/test_file_8pg.pdf	application/pdf	application/pdf	pdftopdf	1	1	iso_a4_210x297mm	1	nofit-to-page=true
pdftopdf/test_file_8pg/position-center.pdf	pdftopdf	corpus/pdf/test_file_8pg.pdf	application/pdf	application/pdf	pdftopdf	1	1	iso_a4_210x297mm	1	position=center
pdftopdf/test_file_8pg/position-top.pdf	pdftopdf	corpus/pdf/test_file_8pg.pdf	application/pdf	application/pdf	pdftopdf	1	1	iso_a4_210x297mm	1	position=top
pdftopdf/test_file_8pg/position-bottom.pdf	pdftopdf	corpus/pdf/test_file_8pg.pdf	application/pdf	application/pdf	pdftopdf	1	1	iso_a4_210x297mm	1	position=bottom
pdftopdf/test_file_8pg/position-left.pdf	pdftopdf	corpus/pdf/test_file_8pg.pdf	application/pdf	application/pdf	pdftopdf	1	1	iso_a4_210x297mm	1	position=left
pdftopdf/test_file_8pg/position-right.pdf	pdftopdf	corpus/pdf/test_file_8pg.pdf	application/pdf	application/pdf	pdftopdf	1	1	iso_a4_210x297mm	1	position=right
pdftopdf/test_file_8pg/position-top-left.pdf	pdftopdf	corpus/pdf/test_file_8pg.pdf	application/pdf	application/pdf	pdftopdf	1	1	iso_a4_210x297mm	1	position=top-left
pdftopdf/test_file_8pg/position-bottom-right.pdf	pdftopdf	corpus/pdf/test_file_8pg.pdf	application/pdf	application/pdf	pdftopdf	1	1	iso_a4_210x297mm	1	position=bottom-right
pdftopdf/test_file_8pg/page-left-36-page-right-36-page-top-72-page-bottom-21dfcfa5.pdf	pdftopdf	corpus/pdf/test_file_8pg.pdf	application/pdf	application/pdf	pdftopdf	1	1	iso_a4_210x297mm	1	page-left=36 page-right=36 page-top=72 page-bottom=72 fit-to-page=true
pdftopdf/test_file_8pg/media-na-letter-8-5x11in.pdf	pdftopdf	corpus/pdf/test_file_8pg.pdf	application/pdf	application/pdf	pdftopdf	1	1	iso_a4_210x297mm	1	media=na_letter_8.5x11in
pdftopdf/test_file_8pg/media-na-legal-8-5x14in.pdf	pdftopdf	corpus/pdf/test_file_8pg.pdf	application/pdf	application/pdf	pdftopdf	1	1	iso_a4_210x297mm	1	media=na_legal_8.5x14in
pdftopdf/test_file_8pg/media-iso-a5-148x210mm.pdf	pdftopdf	corpus/pdf/test_file_8pg.pdf	application/pdf	application/pdf	pdftopdf	1	1	iso_a4_210x297mm	1	media=iso_a5_148x210mm
pdftopdf/test_file_8pg/media-iso-a3-297x420mm.pdf	pdftopdf	corpus/pdf/test_file_8pg.pdf	application/pdf	application/pdf	pdftopdf	1	1	iso_a4_210x297mm	1	media=iso_a3_297x420mm
pdftopdf/test_file_8pg/page-label-REGRESSION-LABEL.pdf	pdftopdf	corpus/pdf/test_file_8pg.pdf	application/pdf	application/pdf	pdftopdf	1	1	iso_a4_210x297mm	1	page-label=REGRESSION-LABEL
pdftopdf/test_file_8pg/multiple-document-handling-separate-documents-coll-3d1a7cf7.pdf	pdftopdf	corpus/pdf/test_file_8pg.pdf	application/pdf	application/pdf	pdftopdf	1	1	iso_a4_210x297mm	1	multiple-document-handling=separate-documents-collated-copies
pdftopdf/test_file_8pg/multiple-document-handling-separate-documents-unco-af2d881a.pdf	pdftopdf	corpus/pdf/test_file_8pg.pdf	application/pdf	application/pdf	pdftopdf	1	1	iso_a4_210x297mm	1	multiple-document-handling=separate-documents-uncollated-copies
pdftopdf/test_file_8pg/collate-true.pdf	pdftopdf	corpus/pdf/test_file_8pg.pdf	application/pdf	application/pdf	pdftopdf	1	1	iso_a4_210x297mm	1	collate=true
pdftopdf/test_file_8pg/collate-false.pdf	pdftopdf	corpus/pdf/test_file_8pg.pdf	application/pdf	application/pdf	pdftopdf	1	1	iso_a4_210x297mm	1	collate=false
pdftopdf/test_file_8pg/page-set-odd-sides-two-sided-short-edge-mirror-tru-88f44847.pdf	pdftopdf	corpus/pdf/test_file_8pg.pdf	application/pdf	application/pdf	pdftopdf	1	1	iso_a4_210x297mm	1	page-set=odd sides=two-sided-short-edge mirror=true page-border=single media=na_letter_8.5x11in output-order=reverse
pdftopdf/test_file_8pg/orientation-requested-4-print-scaling-none-mirror-true.pdf	pdftopdf	corpus/pdf/test_file_8pg.pdf	application/pdf	application/pdf	pdftopdf	1	1	iso_a4_210x297mm	1	orientation-requested=4 print-scaling=none mirror=true
pdftopdf/test_file_8pg/orientation-requested-5-print-scaling-fit-page-set-aabd8fa3.pdf	pdftopdf	corpus/pdf/test_file_8pg.pdf	application/pdf	application/pdf	pdftopdf	1	1	iso_a4_210x297mm	1	orientation-requested=5 print-scaling=fit page-set=even sides=two-sided-long-edge media=na_letter_8.5x11in output-order=reverse
pdftopdf/test_file_8pg/orientation-requested-6-print-scaling-fill-page-se-8c7a4ecd.pdf	pdftopdf	corpus/pdf/test_file_8pg.pdf	application/pdf	application/pdf	pdftopdf	1	1	iso_a4_210x297mm	1	orientation-requested=6 print-scaling=fill page-set=even sides=two-sided-short-edge mirror=true page-border=single
pdftopdf/test_file_8pg/number-up-2-print-scaling-fit-sides-two-sided-long-576d7fb6.pdf	pdftopdf	corpus/pdf/test_file_8pg.pdf	application/pdf	application/pdf	pdftopdf	1	1	iso_a4_210x297mm	1	number-up=2 print-scaling=fit sides=two-sided-long-edge page-border=single
pdftopdf/test_file_8pg/number-up-2-orientation-requested-4-print-scaling--ce78b144.pdf	pdftopdf	corpus/pdf/test_file_8pg.pdf	application/pdf	application/pdf	pdftopdf	1	1	iso_a4_210x297mm	1	number-up=2 orientation-requested=4 print-scaling=fill page-set=odd sides=two-sided-long-edge mirror=true media=na_letter_8.5x11in output-order=reverse
pdftopdf/test_file_8pg/number-up-2-orientation-requested-5-print-scaling--abb7f6e0.pdf	pdftopdf	corpus/pdf/test_file_8pg.pdf	application/pdf	application/pdf	pdftopdf	1	1	iso_a4_210x297mm	1	number-up=2 orientation-requested=5 print-scaling=none page-set=odd sides=two-sided-short-edge page-border=single media=na_letter_8.5x11in
pdftopdf/test_file_8pg/number-up-2-orientation-requested-6-page-set-even--e8135f6f.pdf	pdftopdf	corpus/pdf/test_file_8pg.pdf	application/pdf	application/pdf	pdftopdf	1	1	iso_a4_210x297mm	1	number-up=2 orientation-requested=6 page-set=even media=na_letter_8.5x11in output-order=reverse
pdftopdf/test_file_8pg/number-up-4-print-scaling-none-sides-two-sided-sho-2a337940.pdf	pdftopdf	corpus/pdf/test_file_8pg.pdf	application/pdf	application/pdf	pdftopdf	1	1	iso_a4_210x297mm	1	number-up=4 print-scaling=none sides=two-sided-short-edge mirror=true media=na_letter_8.5x11in output-order=reverse
pdftopdf/test_file_8pg/number-up-4-orientation-requested-4-print-scaling--50b0bedf.pdf	pdftopdf	corpus/pdf/test_file_8pg.pdf	application/pdf	application/pdf	pdftopdf	1	1	iso_a4_210x297mm	1	number-up=4 orientation-requested=4 print-scaling=fit page-set=odd mirror=true page-border=single output-order=reverse
pdftopdf/test_file_8pg/number-up-4-orientation-requested-5.pdf	pdftopdf	corpus/pdf/test_file_8pg.pdf	application/pdf	application/pdf	pdftopdf	1	1	iso_a4_210x297mm	1	number-up=4 orientation-requested=5
pdftopdf/test_file_8pg/number-up-4-orientation-requested-6-print-scaling--9dfdcd8c.pdf	pdftopdf	corpus/pdf/test_file_8pg.pdf	application/pdf	application/pdf	pdftopdf	1	1	iso_a4_210x297mm	1	number-up=4 orientation-requested=6 print-scaling=none page-set=even sides=two-sided-long-edge media=na_letter_8.5x11in
pdftopdf/test_file_8pg/number-up-4-print-scaling-fill-page-border-single.pdf	pdftopdf	corpus/pdf/test_file_8pg.pdf	application/pdf	application/pdf	pdftopdf	1	1	iso_a4_210x297mm	1	number-up=4 print-scaling=fill page-border=single
pdftopdf/test_file_8pg/number-up-6-page-set-even-sides-two-sided-long-edg-63dc2368.pdf	pdftopdf	corpus/pdf/test_file_8pg.pdf	application/pdf	application/pdf	pdftopdf	1	1	iso_a4_210x297mm	1	number-up=6 page-set=even sides=two-sided-long-edge mirror=true media=na_letter_8.5x11in output-order=reverse
pdftopdf/test_file_8pg/number-up-6-orientation-requested-4-print-scaling--257889da.pdf	pdftopdf	corpus/pdf/test_file_8pg.pdf	application/pdf	application/pdf	pdftopdf	1	1	iso_a4_210x297mm	1	number-up=6 orientation-requested=4 print-scaling=fill sides=two-sided-short-edge page-border=single
pdftopdf/test_file_8pg/number-up-6-orientation-requested-5-print-scaling--87124e38.pdf	pdftopdf	corpus/pdf/test_file_8pg.pdf	application/pdf	application/pdf	pdftopdf	1	1	iso_a4_210x297mm	1	number-up=6 orientation-requested=5 print-scaling=fit page-set=even sides=two-sided-short-edge mirror=true page-border=single media=na_letter_8.5x11in
pdftopdf/test_file_8pg/number-up-6-orientation-requested-6-print-scaling--a2e6d38e.pdf	pdftopdf	corpus/pdf/test_file_8pg.pdf	application/pdf	application/pdf	pdftopdf	1	1	iso_a4_210x297mm	1	number-up=6 orientation-requested=6 print-scaling=none page-set=odd page-border=single media=na_letter_8.5x11in output-order=reverse
pdftopdf/test_file_8pg/orientation-requested-4-page-set-even-sides-two-si-db0f91eb.pdf	pdftopdf	corpus/pdf/test_file_8pg.pdf	application/pdf	application/pdf	pdftopdf	1	1	iso_a4_210x297mm	1	orientation-requested=4 page-set=even sides=two-sided-long-edge
pdftopdf/test_file_8pg/number-up-2-orientation-requested-5-print-scaling--c36ee955.pdf	pdftopdf	corpus/pdf/test_file_8pg.pdf	application/pdf	application/pdf	pdftopdf	1	1	iso_a4_210x297mm	1	number-up=2 orientation-requested=5 print-scaling=fill page-set=even sides=two-sided-long-edge mirror=true
pdftopdf/test_file_8pg/orientation-requested-6-print-scaling-fit-mirror-t-84e2532f.pdf	pdftopdf	corpus/pdf/test_file_8pg.pdf	application/pdf	application/pdf	pdftopdf	1	1	iso_a4_210x297mm	1	orientation-requested=6 print-scaling=fit mirror=true media=na_letter_8.5x11in output-order=reverse
pdftopdf/test_file_8pg/default-copies2.pdf	pdftopdf	corpus/pdf/test_file_8pg.pdf	application/pdf	application/pdf	pdftopdf	1	1	iso_a4_210x297mm	2	
pdftopdf/test_file_8pg/collate-false-copies2.pdf	pdftopdf	corpus/pdf/test_file_8pg.pdf	application/pdf	application/pdf	pdftopdf	1	1	iso_a4_210x297mm	2	collate=false
pdftopdf/test_file_8pg/default-mono-printer-simplex-printer.pdf	pdftopdf	corpus/pdf/test_file_8pg.pdf	application/pdf	application/pdf	pdftopdf	0	0	iso_a4_210x297mm	1	
pdftoraster/test_file_8pg/default.pwg	pdftoraster	corpus/pdf/test_file_8pg.pdf	application/pdf	image/pwg-raster	pdftopdf,pdftoraster	1	1	iso_a4_210x297mm	1	
pdftoraster/test_file_8pg/print-color-mode-monochrome.pwg	pdftoraster	corpus/pdf/test_file_8pg.pdf	application/pdf	image/pwg-raster	pdftopdf,pdftoraster	1	1	iso_a4_210x297mm	1	print-color-mode=monochrome
pdftoraster/test_file_8pg/print-color-mode-color.pwg	pdftoraster	corpus/pdf/test_file_8pg.pdf	application/pdf	image/pwg-raster	pdftopdf,pdftoraster	1	1	iso_a4_210x297mm	1	print-color-mode=color
pdftoraster/test_file_8pg/printer-resolution-600dpi.pwg	pdftoraster	corpus/pdf/test_file_8pg.pdf	application/pdf	image/pwg-raster	pdftopdf,pdftoraster	1	1	iso_a4_210x297mm	1	printer-resolution=600dpi
pdftoraster/test_file_8pg/print-quality-3.pwg	pdftoraster	corpus/pdf/test_file_8pg.pdf	application/pdf	image/pwg-raster	pdftopdf,pdftoraster	1	1	iso_a4_210x297mm	1	print-quality=3
pdftoraster/test_file_8pg/print-quality-5.pwg	pdftoraster	corpus/pdf/test_file_8pg.pdf	application/pdf	image/pwg-raster	pdftopdf,pdftoraster	1	1	iso_a4_210x297mm	1	print-quality=5
pdftoraster/test_file_8pg/sides-two-sided-long-edge.pwg	pdftoraster	corpus/pdf/test_file_8pg.pdf	application/pdf	image/pwg-raster	pdftopdf,pdftoraster	1	1	iso_a4_210x297mm	1	sides=two-sided-long-edge
pdftoraster/test_file_8pg/sides-two-sided-short-edge.pwg	pdftoraster	corpus/pdf/test_file_8pg.pdf	application/pdf	image/pwg-raster	pdftopdf,pdftoraster	1	1	iso_a4_210x297mm	1	sides=two-sided-short-edge
pdftoraster/test_file_8pg/orientation-requested-4.pwg	pdftoraster	corpus/pdf/test_file_8pg.pdf	application/pdf	image/pwg-raster	pdftopdf,pdftoraster	1	1	iso_a4_210x297mm	1	orientation-requested=4
pdftoraster/test_file_8pg/number-up-2.pwg	pdftoraster	corpus/pdf/test_file_8pg.pdf	application/pdf	image/pwg-raster	pdftopdf,pdftoraster	1	1	iso_a4_210x297mm	1	number-up=2
pdftoraster/test_file_8pg/media-na-letter-8-5x11in.pwg	pdftoraster	corpus/pdf/test_file_8pg.pdf	application/pdf	image/pwg-raster	pdftopdf,pdftoraster	1	1	iso_a4_210x297mm	1	media=na_letter_8.5x11in
pdftoraster/test_file_8pg/print-scaling-fill.pwg	pdftoraster	corpus/pdf/test_file_8pg.pdf	application/pdf	image/pwg-raster	pdftopdf,pdftoraster	1	1	iso_a4_210x297mm	1	print-scaling=fill
pdftoraster/test_file_8pg/default-mono-printer.pwg	pdftoraster	corpus/pdf/test_file_8pg.pdf	application/pdf	image/pwg-raster	pdftopdf,pdftoraster	0	1	iso_a4_210x297mm	1	
pdftoraster/test_file_8pg/default.urf	pdftoraster	corpus/pdf/test_file_8pg.pdf	application/pdf	image/urf	pdftopdf,pdftoraster	1	1	iso_a4_210x297mm	1	
pdftoraster/test_file_8pg/default.ras	pdftoraster	corpus/pdf/test_file_8pg.pdf	application/pdf	application/vnd.cups-raster	pdftopdf,pdftoraster	1	1	iso_a4_210x297mm	1	
pwg-pclm/filled-2/default.pclm	pwg-pclm	corpus/pdf/filled-2.pdf	application/pdf	application/PCLm		1	1	iso_a4_210x297mm	1	
pwg-pclm/filled-2/print-color-mode-monochrome.pclm	pwg-pclm	corpus/pdf/filled-2.pdf	application/pdf	application/PCLm		1	1	iso_a4_210x297mm	1	print-color-mode=monochrome
pwg-pclm/form_english/default.pclm	pwg-pclm	corpus/pdf/form_english.pdf	application/pdf	application/PCLm		1	1	iso_a4_210x297mm	1	
pwg-pclm/form_english/print-color-mode-monochrome.pclm	pwg-pclm	corpus/pdf/form_english.pdf	application/pdf	application/PCLm		1	1	iso_a4_210x297mm	1	print-color-mode=monochrome
pwg-pclm/inherited_mediabox/default.pclm	pwg-pclm	corpus/pdf/inherited_mediabox.pdf	application/pdf	application/PCLm		1	1	iso_a4_210x297mm	1	
pwg-pclm/inherited_mediabox/print-color-mode-monochrome.pclm	pwg-pclm	corpus/pdf/inherited_mediabox.pdf	application/pdf	application/PCLm		1	1	iso_a4_210x297mm	1	print-color-mode=monochrome
pwg-pclm/malformed/default.pclm	pwg-pclm	corpus/pdf/malformed.pdf	application/pdf	application/PCLm		1	1	iso_a4_210x297mm	1	
pwg-pclm/malformed/print-color-mode-monochrome.pclm	pwg-pclm	corpus/pdf/malformed.pdf	application/pdf	application/PCLm		1	1	iso_a4_210x297mm	1	print-color-mode=monochrome
pwg-pclm/test_file_1pg/default.pclm	pwg-pclm	corpus/pdf/test_file_1pg.pdf	application/pdf	application/PCLm		1	1	iso_a4_210x297mm	1	
pwg-pclm/test_file_1pg/print-color-mode-monochrome.pclm	pwg-pclm	corpus/pdf/test_file_1pg.pdf	application/pdf	application/PCLm		1	1	iso_a4_210x297mm	1	print-color-mode=monochrome
pwg-pclm/test_file_4pg/default.pclm	pwg-pclm	corpus/pdf/test_file_4pg.pdf	application/pdf	application/PCLm		1	1	iso_a4_210x297mm	1	
pwg-pclm/test_file_4pg/print-color-mode-monochrome.pclm	pwg-pclm	corpus/pdf/test_file_4pg.pdf	application/pdf	application/PCLm		1	1	iso_a4_210x297mm	1	print-color-mode=monochrome
pwg-pclm/test_file_8pg/default.pclm	pwg-pclm	corpus/pdf/test_file_8pg.pdf	application/pdf	application/PCLm		1	1	iso_a4_210x297mm	1	
pwg-pclm/test_file_8pg/print-color-mode-monochrome.pclm	pwg-pclm	corpus/pdf/test_file_8pg.pdf	application/pdf	application/PCLm		1	1	iso_a4_210x297mm	1	print-color-mode=monochrome
pwg-pclm/onepage-a4-adobe-rgb-8-150dpi/default.pdf	pwg-pclm	corpus/pwg/onepage-a4-adobe-rgb-8-150dpi.pwg	image/pwg-raster	application/pdf	pwgtopdf	1	1	iso_a4_210x297mm	1	
pwg-pclm/onepage-a4-adobe-rgb-8-150dpi/default.pclm	pwg-pclm	corpus/pwg/onepage-a4-adobe-rgb-8-150dpi.pwg	image/pwg-raster	application/PCLm	pwgtopdf	1	1	iso_a4_210x297mm	1	
pwg-pclm/onepage-a4-adobe-rgb-8-150dpi/print-color-mode-monochrome.pdf	pwg-pclm	corpus/pwg/onepage-a4-adobe-rgb-8-150dpi.pwg	image/pwg-raster	application/pdf	pwgtopdf	1	1	iso_a4_210x297mm	1	print-color-mode=monochrome
pwg-pclm/onepage-a4-adobe-rgb-8-150dpi/print-color-mode-monochrome.pclm	pwg-pclm	corpus/pwg/onepage-a4-adobe-rgb-8-150dpi.pwg	image/pwg-raster	application/PCLm	pwgtopdf	1	1	iso_a4_210x297mm	1	print-color-mode=monochrome
pwg-pclm/onepage-a4-adobe-rgb-8-150dpi/default.pwg	pwg-pclm	corpus/pwg/onepage-a4-adobe-rgb-8-150dpi.pwg	image/pwg-raster	image/pwg-raster	pwgtoraster	1	1	iso_a4_210x297mm	1	
pwg-pclm/urf_test_file_4pg/default.pdf	pwg-pclm	corpus/urf/urf_test_file_4pg.urf	image/urf	application/pdf	pwgtopdf	1	1	iso_a4_210x297mm	1	
pwg-pclm/urf_test_file_4pg/default.pclm	pwg-pclm	corpus/urf/urf_test_file_4pg.urf	image/urf	application/PCLm	pwgtopdf	1	1	iso_a4_210x297mm	1	
pwg-pclm/urf_test_file_4pg/print-color-mode-monochrome.pdf	pwg-pclm	corpus/urf/urf_test_file_4pg.urf	image/urf	application/pdf	pwgtopdf	1	1	iso_a4_210x297mm	1	print-color-mode=monochrome
pwg-pclm/urf_test_file_4pg/print-color-mode-monochrome.pclm	pwg-pclm	corpus/urf/urf_test_file_4pg.urf	image/urf	application/PCLm	pwgtopdf	1	1	iso_a4_210x297mm	1	print-color-mode=monochrome
pwg-pclm/urf_test_file_4pg/default.pwg	pwg-pclm	corpus/urf/urf_test_file_4pg.urf	image/urf	image/pwg-raster	pwgtoraster	1	1	iso_a4_210x297mm	1	
pclmtoraster/16pixels_300dpi_flate_color.jpg-4x6-sgray-8-300dpi.pwg/default.pwg	pclmtoraster	corpus/pclm/16pixels/300dpi/flate/color.jpg-4x6-sgray-8-300dpi.pwg.pclm	application/PCLm	image/pwg-raster	pclmtoraster	1	1	iso_a4_210x297mm	1	
pclmtoraster/16pixels_300dpi_flate_color.jpg-4x6-sgray-8-300dpi.pwg/print-color-mode-monochrome.pwg	pclmtoraster	corpus/pclm/16pixels/300dpi/flate/color.jpg-4x6-sgray-8-300dpi.pwg.pclm	application/PCLm	image/pwg-raster	pclmtoraster	1	1	iso_a4_210x297mm	1	print-color-mode=monochrome
pclmtoraster/16pixels_300dpi_flate_color.jpg-4x6-sgray-8-300dpi.pwg/default.urf	pclmtoraster	corpus/pclm/16pixels/300dpi/flate/color.jpg-4x6-sgray-8-300dpi.pwg.pclm	application/PCLm	image/urf	pclmtoraster	1	1	iso_a4_210x297mm	1	
pclmtoraster/16pixels_300dpi_flate_color.jpg-4x6-srgb-8-300dpi.pwg/default.pwg	pclmtoraster	corpus/pclm/16pixels/300dpi/flate/color.jpg-4x6-srgb-8-300dpi.pwg.pclm	application/PCLm	image/pwg-raster	pclmtoraster	1	1	iso_a4_210x297mm	1	
pclmtoraster/16pixels_300dpi_flate_color.jpg-4x6-srgb-8-300dpi.pwg/print-color-mode-monochrome.pwg	pclmtoraster	corpus/pclm/16pixels/300dpi/flate/color.jpg-4x6-srgb-8-300dpi.pwg.pclm	application/PCLm	image/pwg-raster	pclmtoraster	1	1	iso_a4_210x297mm	1	print-color-mode=monochrome
pclmtoraster/16pixels_300dpi_flate_color.jpg-4x6-srgb-8-300dpi.pwg/default.urf	pclmtoraster	corpus/pclm/16pixels/300dpi/flate/color.jpg-4x6-srgb-8-300dpi.pwg.pclm	application/PCLm	image/urf	pclmtoraster	1	1	iso_a4_210x297mm	1	
pclmtoraster/16pixels_300dpi_flate_onepage-a4-sgray-8-300dpi.pwg/default.pwg	pclmtoraster	corpus/pclm/16pixels/300dpi/flate/onepage-a4-sgray-8-300dpi.pwg.pclm	application/PCLm	image/pwg-raster	pclmtoraster	1	1	iso_a4_210x297mm	1	
pclmtoraster/16pixels_300dpi_flate_onepage-a4-sgray-8-300dpi.pwg/print-color-mode-monochrome.pwg	pclmtoraster	corpus/pclm/16pixels/300dpi/flate/onepage-a4-sgray-8-300dpi.pwg.pclm	application/PCLm	image/pwg-raster	pclmtoraster	1	1	iso_a4_210x297mm	1	print-color-mode=monochrome
pclmtoraster/16pixels_300dpi_flate_onepage-a4-sgray-8-300dpi.pwg/default.urf	pclmtoraster	corpus/pclm/16pixels/300dpi/flate/onepage-a4-sgray-8-300dpi.pwg.pclm	application/PCLm	image/urf	pclmtoraster	1	1	iso_a4_210x297mm	1	
pclmtoraster/16pixels_300dpi_flate_onepage-a4-srgb-8-300dpi.pwg/default.pwg	pclmtoraster	corpus/pclm/16pixels/300dpi/flate/onepage-a4-srgb-8-300dpi.pwg.pclm	application/PCLm	image/pwg-raster	pclmtoraster	1	1	iso_a4_210x297mm	1	
pclmtoraster/16pixels_300dpi_flate_onepage-a4-srgb-8-300dpi.pwg/print-color-mode-monochrome.pwg	pclmtoraster	corpus/pclm/16pixels/300dpi/flate/onepage-a4-srgb-8-300dpi.pwg.pclm	application/PCLm	image/pwg-raster	pclmtoraster	1	1	iso_a4_210x297mm	1	print-color-mode=monochrome
pclmtoraster/16pixels_300dpi_flate_onepage-a4-srgb-8-300dpi.pwg/default.urf	pclmtoraster	corpus/pclm/16pixels/300dpi/flate/onepage-a4-srgb-8-300dpi.pwg.pclm	application/PCLm	image/urf	pclmtoraster	1	1	iso_a4_210x297mm	1	
pclmtoraster/16pixels_300dpi_jpeg_color.jpg-4x6-sgray-8-300dpi.pwg/default.pwg	pclmtoraster	corpus/pclm/16pixels/300dpi/jpeg/color.jpg-4x6-sgray-8-300dpi.pwg.pclm	application/PCLm	image/pwg-raster	pclmtoraster	1	1	iso_a4_210x297mm	1	
pclmtoraster/16pixels_300dpi_jpeg_color.jpg-4x6-sgray-8-300dpi.pwg/print-color-mode-monochrome.pwg	pclmtoraster	corpus/pclm/16pixels/300dpi/jpeg/color.jpg-4x6-sgray-8-300dpi.pwg.pclm	application/PCLm	image/pwg-raster	pclmtoraster	1	1	iso_a4_210x297mm	1	print-color-mode=monochrome
pclmtoraster/16pixels_300dpi_jpeg_color.jpg-4x6-sgray-8-300dpi.pwg/default.urf	pclmtoraster	corpus/pclm/16pixels/300dpi/jpeg/color.jpg-4x6-sgray-8-300dpi.pwg.pclm	application/PCLm	image/urf	pclmtoraster	1	1	iso_a4_210x297mm	1	
pclmtoraster/16pixels_300dpi_jpeg_color.jpg-4x6-srgb-8-300dpi.pwg/default.pwg	pclmtoraster	corpus/pclm/16pixels/300dpi/jpeg/color.jpg-4x6-srgb-8-300dpi.pwg.pclm	application/PCLm	image/pwg-raster	pclmtoraster	1	1	iso_a4_210x297mm	1	
pclmtoraster/16pixels_300dpi_jpeg_color.jpg-4x6-srgb-8-300dpi.pwg/print-color-mode-monochrome.pwg	pclmtoraster	corpus/pclm/16pixels/300dpi/jpeg/color.jpg-4x6-srgb-8-300dpi.pwg.pclm	application/PCLm	image/pwg-raster	pclmtoraster	1	1	iso_a4_210x297mm	1	print-color-mode=monochrome
pclmtoraster/16pixels_300dpi_jpeg_color.jpg-4x6-srgb-8-300dpi.pwg/default.urf	pclmtoraster	corpus/pclm/16pixels/300dpi/jpeg/color.jpg-4x6-srgb-8-300dpi.pwg.pclm	application/PCLm	image/urf	pclmtoraster	1	1	iso_a4_210x297mm	1	
pclmtoraster/16pixels_300dpi_jpeg_onepage-a4-sgray-8-300dpi.pwg/default.pwg	pclmtoraster	corpus/pclm/16pixels/300dpi/jpeg/onepage-a4-sgray-8-300dpi.pwg.pclm	application/PCLm	image/pwg-raster	pclmtoraster	1	1	iso_a4_210x297mm	1	
pclmtoraster/16pixels_300dpi_jpeg_onepage-a4-sgray-8-300dpi.pwg/print-color-mode-monochrome.pwg	pclmtoraster	corpus/pclm/16pixels/300dpi/jpeg/onepage-a4-sgray-8-300dpi.pwg.pclm	application/PCLm	image/pwg-raster	pclmtoraster	1	1	iso_a4_210x297mm	1	print-color-mode=monochrome
pclmtoraster/16pixels_300dpi_jpeg_onepage-a4-sgray-8-300dpi.pwg/default.urf	pclmtoraster	corpus/pclm/16pixels/300dpi/jpeg/onepage-a4-sgray-8-300dpi.pwg.pclm	application/PCLm	image/urf	pclmtoraster	1	1	iso_a4_210x297mm	1	
pclmtoraster/16pixels_300dpi_jpeg_onepage-a4-srgb-8-300dpi.pwg/default.pwg	pclmtoraster	corpus/pclm/16pixels/300dpi/jpeg/onepage-a4-srgb-8-300dpi.pwg.pclm	application/PCLm	image/pwg-raster	pclmtoraster	1	1	iso_a4_210x297mm	1	
pclmtoraster/16pixels_300dpi_jpeg_onepage-a4-srgb-8-300dpi.pwg/print-color-mode-monochrome.pwg	pclmtoraster	corpus/pclm/16pixels/300dpi/jpeg/onepage-a4-srgb-8-300dpi.pwg.pclm	application/PCLm	image/pwg-raster	pclmtoraster	1	1	iso_a4_210x297mm	1	print-color-mode=monochrome
pclmtoraster/16pixels_300dpi_jpeg_onepage-a4-srgb-8-300dpi.pwg/default.urf	pclmtoraster	corpus/pclm/16pixels/300dpi/jpeg/onepage-a4-srgb-8-300dpi.pwg.pclm	application/PCLm	image/urf	pclmtoraster	1	1	iso_a4_210x297mm	1	
pclmtoraster/16pixels_300dpi_rle_color.jpg-4x6-sgray-8-300dpi.pwg/default.pwg	pclmtoraster	corpus/pclm/16pixels/300dpi/rle/color.jpg-4x6-sgray-8-300dpi.pwg.pclm	application/PCLm	image/pwg-raster	pclmtoraster	1	1	iso_a4_210x297mm	1	
pclmtoraster/16pixels_300dpi_rle_color.jpg-4x6-sgray-8-300dpi.pwg/print-color-mode-monochrome.pwg	pclmtoraster	corpus/pclm/16pixels/300dpi/rle/color.jpg-4x6-sgray-8-300dpi.pwg.pclm	application/PCLm	image/pwg-raster	pclmtoraster	1	1	iso_a4_210x297mm	1	print-color-mode=monochrome
pclmtoraster/16pixels_300dpi_rle_color.jpg-4x6-sgray-8-300dpi.pwg/default.urf	pclmtoraster	corpus/pclm/16pixels/300dpi/rle/color.jpg-4x6-sgray-8-300dpi.pwg.pclm	application/PCLm	image/urf	pclmtoraster	1	1	iso_a4_210x297mm	1	
pclmtoraster/16pixels_300dpi_rle_color.jpg-4x6-srgb-8-300dpi.pwg/default.pwg	pclmtoraster	corpus/pclm/16pixels/300dpi/rle/color.jpg-4x6-srgb-8-300dpi.pwg.pclm	application/PCLm	image/pwg-raster	pclmtoraster	1	1	iso_a4_210x297mm	1	
pclmtoraster/16pixels_300dpi_rle_color.jpg-4x6-srgb-8-300dpi.pwg/print-color-mode-monochrome.pwg	pclmtoraster	corpus/pclm/16pixels/300dpi/rle/color.jpg-4x6-srgb-8-300dpi.pwg.pclm	application/PCLm	image/pwg-raster	pclmtoraster	1	1	iso_a4_210x297mm	1	print-color-mode=monochrome
pclmtoraster/16pixels_300dpi_rle_color.jpg-4x6-srgb-8-300dpi.pwg/default.urf	pclmtoraster	corpus/pclm/16pixels/300dpi/rle/color.jpg-4x6-srgb-8-300dpi.pwg.pclm	application/PCLm	image/urf	pclmtoraster	1	1	iso_a4_210x297mm	1	
pclmtoraster/16pixels_300dpi_rle_onepage-a4-sgray-8-300dpi.pwg/default.pwg	pclmtoraster	corpus/pclm/16pixels/300dpi/rle/onepage-a4-sgray-8-300dpi.pwg.pclm	application/PCLm	image/pwg-raster	pclmtoraster	1	1	iso_a4_210x297mm	1	
pclmtoraster/16pixels_300dpi_rle_onepage-a4-sgray-8-300dpi.pwg/print-color-mode-monochrome.pwg	pclmtoraster	corpus/pclm/16pixels/300dpi/rle/onepage-a4-sgray-8-300dpi.pwg.pclm	application/PCLm	image/pwg-raster	pclmtoraster	1	1	iso_a4_210x297mm	1	print-color-mode=monochrome
pclmtoraster/16pixels_300dpi_rle_onepage-a4-sgray-8-300dpi.pwg/default.urf	pclmtoraster	corpus/pclm/16pixels/300dpi/rle/onepage-a4-sgray-8-300dpi.pwg.pclm	application/PCLm	image/urf	pclmtoraster	1	1	iso_a4_210x297mm	1	
pclmtoraster/16pixels_300dpi_rle_onepage-a4-srgb-8-300dpi.pwg/default.pwg	pclmtoraster	corpus/pclm/16pixels/300dpi/rle/onepage-a4-srgb-8-300dpi.pwg.pclm	application/PCLm	image/pwg-raster	pclmtoraster	1	1	iso_a4_210x297mm	1	
pclmtoraster/16pixels_300dpi_rle_onepage-a4-srgb-8-300dpi.pwg/print-color-mode-monochrome.pwg	pclmtoraster	corpus/pclm/16pixels/300dpi/rle/onepage-a4-srgb-8-300dpi.pwg.pclm	application/PCLm	image/pwg-raster	pclmtoraster	1	1	iso_a4_210x297mm	1	print-color-mode=monochrome
pclmtoraster/16pixels_300dpi_rle_onepage-a4-srgb-8-300dpi.pwg/default.urf	pclmtoraster	corpus/pclm/16pixels/300dpi/rle/onepage-a4-srgb-8-300dpi.pwg.pclm	application/PCLm	image/urf	pclmtoraster	1	1	iso_a4_210x297mm	1	
pclmtoraster/16pixels_600dpi_flate_color.jpg-4x6-sgray-8-600dpi.pwg/default.pwg	pclmtoraster	corpus/pclm/16pixels/600dpi/flate/color.jpg-4x6-sgray-8-600dpi.pwg.pclm	application/PCLm	image/pwg-raster	pclmtoraster	1	1	iso_a4_210x297mm	1	
pclmtoraster/16pixels_600dpi_flate_color.jpg-4x6-sgray-8-600dpi.pwg/print-color-mode-monochrome.pwg	pclmtoraster	corpus/pclm/16pixels/600dpi/flate/color.jpg-4x6-sgray-8-600dpi.pwg.pclm	application/PCLm	image/pwg-raster	pclmtoraster	1	1	iso_a4_210x297mm	1	print-color-mode=monochrome
pclmtoraster/16pixels_600dpi_flate_color.jpg-4x6-sgray-8-600dpi.pwg/default.urf	pclmtoraster	corpus/pclm/16pixels/600dpi/flate/color.jpg-4x6-sgray-8-600dpi.pwg.pclm	application/PCLm	image/urf	pclmtoraster	1	1	iso_a4_210x297mm	1	
pclmtoraster/16pixels_600dpi_flate_color.jpg-4x6-srgb-8-600dpi.pwg/default.pwg	pclmtoraster	corpus/pclm/16pixels/600dpi/flate/color.jpg-4x6-srgb-8-600dpi.pwg.pclm	application/PCLm	image/pwg-raster	pclmtoraster	1	1	iso_a4_210x297mm	1	
pclmtoraster/16pixels_600dpi_flate_color.jpg-4x6-srgb-8-600dpi.pwg/print-color-mode-monochrome.pwg	pclmtoraster	corpus/pclm/16pixels/600dpi/flate/color.jpg-4x6-srgb-8-600dpi.pwg.pclm	application/PCLm	image/pwg-raster	pclmtoraster	1	1	iso_a4_210x297mm	1	print-color-mode=monochrome
pclmtoraster/16pixels_600dpi_flate_color.jpg-4x6-srgb-8-600dpi.pwg/default.urf	pclmtoraster	corpus/pclm/16pixels/600dpi/flate/color.jpg-4x6-srgb-8-600dpi.pwg.pclm	application/PCLm	image/urf	pclmtoraster	1	1	iso_a4_210x297mm	1	
pclmtoraster/16pixels_600dpi_flate_onepage-a4-sgray-8-600dpi.pwg/default.pwg	pclmtoraster	corpus/pclm/16pixels/600dpi/flate/onepage-a4-sgray-8-600dpi.pwg.pclm	application/PCLm	image/pwg-raster	pclmtoraster	1	1	iso_a4_210x297mm	1	
pclmtoraster/16pixels_600dpi_flate_onepage-a4-sgray-8-600dpi.pwg/print-color-mode-monochrome.pwg	pclmtoraster	corpus/pclm/16pixels/600dpi/flate/onepage-a4-sgray-8-600dpi.pwg.pclm	application/PCLm	image/pwg-raster	pclmtoraster	1	1	iso_a4_210x297mm	1	print-color-mode=monochrome
pclmtoraster/16pixels_600dpi_flate_onepage-a4-sgray-8-600dpi.pwg/default.urf	pclmtoraster	corpus/pclm/16pixels/600dpi/flate/onepage-a4-sgray-8-600dpi.pwg.pclm	application/PCLm	image/urf	pclmtoraster	1	1	iso_a4_210x297mm	1	
pclmtoraster/16pixels_600dpi_flate_onepage-a4-srgb-8-600dpi.pwg/default.pwg	pclmtoraster	corpus/pclm/16pixels/600dpi/flate/onepage-a4-srgb-8-600dpi.pwg.pclm	application/PCLm	image/pwg-raster	pclmtoraster	1	1	iso_a4_210x297mm	1	
pclmtoraster/16pixels_600dpi_flate_onepage-a4-srgb-8-600dpi.pwg/print-color-mode-monochrome.pwg	pclmtoraster	corpus/pclm/16pixels/600dpi/flate/onepage-a4-srgb-8-600dpi.pwg.pclm	application/PCLm	image/pwg-raster	pclmtoraster	1	1	iso_a4_210x297mm	1	print-color-mode=monochrome
pclmtoraster/16pixels_600dpi_flate_onepage-a4-srgb-8-600dpi.pwg/default.urf	pclmtoraster	corpus/pclm/16pixels/600dpi/flate/onepage-a4-srgb-8-600dpi.pwg.pclm	application/PCLm	image/urf	pclmtoraster	1	1	iso_a4_210x297mm	1	
pclmtoraster/16pixels_600dpi_jpeg_color.jpg-4x6-sgray-8-600dpi.pwg/default.pwg	pclmtoraster	corpus/pclm/16pixels/600dpi/jpeg/color.jpg-4x6-sgray-8-600dpi.pwg.pclm	application/PCLm	image/pwg-raster	pclmtoraster	1	1	iso_a4_210x297mm	1	
pclmtoraster/16pixels_600dpi_jpeg_color.jpg-4x6-sgray-8-600dpi.pwg/print-color-mode-monochrome.pwg	pclmtoraster	corpus/pclm/16pixels/600dpi/jpeg/color.jpg-4x6-sgray-8-600dpi.pwg.pclm	application/PCLm	image/pwg-raster	pclmtoraster	1	1	iso_a4_210x297mm	1	print-color-mode=monochrome
pclmtoraster/16pixels_600dpi_jpeg_color.jpg-4x6-sgray-8-600dpi.pwg/default.urf	pclmtoraster	corpus/pclm/16pixels/600dpi/jpeg/color.jpg-4x6-sgray-8-600dpi.pwg.pclm	application/PCLm	image/urf	pclmtoraster	1	1	iso_a4_210x297mm	1	
pclmtoraster/16pixels_600dpi_jpeg_color.jpg-4x6-srgb-8-600dpi.pwg/default.pwg	pclmtoraster	corpus/pclm/16pixels/600dpi/jpeg/color.jpg-4x6-srgb-8-600dpi.pwg.pclm	application/PCLm	image/pwg-raster	pclmtoraster	1	1	iso_a4_210x297mm	1	
pclmtoraster/16pixels_600dpi_jpeg_color.jpg-4x6-srgb-8-600dpi.pwg/print-color-mode-monochrome.pwg	pclmtoraster	corpus/pclm/16pixels/600dpi/jpeg/color.jpg-4x6-srgb-8-600dpi.pwg.pclm	application/PCLm	image/pwg-raster	pclmtoraster	1	1	iso_a4_210x297mm	1	print-color-mode=monochrome
pclmtoraster/16pixels_600dpi_jpeg_color.jpg-4x6-srgb-8-600dpi.pwg/default.urf	pclmtoraster	corpus/pclm/16pixels/600dpi/jpeg/color.jpg-4x6-srgb-8-600dpi.pwg.pclm	application/PCLm	image/urf	pclmtoraster	1	1	iso_a4_210x297mm	1	
pclmtoraster/16pixels_600dpi_jpeg_onepage-a4-sgray-8-600dpi.pwg/default.pwg	pclmtoraster	corpus/pclm/16pixels/600dpi/jpeg/onepage-a4-sgray-8-600dpi.pwg.pclm	application/PCLm	image/pwg-raster	pclmtoraster	1	1	iso_a4_210x297mm	1	
pclmtoraster/16pixels_600dpi_jpeg_onepage-a4-sgray-8-600dpi.pwg/print-color-mode-monochrome.pwg	pclmtoraster	corpus/pclm/16pixels/600dpi/jpeg/onepage-a4-sgray-8-600dpi.pwg.pclm	application/PCLm	image/pwg-raster	pclmtoraster	1	1	iso_a4_210x297mm	1	print-color-mode=monochrome
pclmtoraster/16pixels_600dpi_jpeg_onepage-a4-sgray-8-600dpi.pwg/default.urf	pclmtoraster	corpus/pclm/16pixels/600dpi/jpeg/onepage-a4-sgray-8-600dpi.pwg.pclm	application/PCLm	image/urf	pclmtoraster	1	1	iso_a4_210x297mm	1	
pclmtoraster/16pixels_600dpi_jpeg_onepage-a4-srgb-8-600dpi.pwg/default.pwg	pclmtoraster	corpus/pclm/16pixels/600dpi/jpeg/onepage-a4-srgb-8-600dpi.pwg.pclm	application/PCLm	image/pwg-raster	pclmtoraster	1	1	iso_a4_210x297mm	1	
pclmtoraster/16pixels_600dpi_jpeg_onepage-a4-srgb-8-600dpi.pwg/print-color-mode-monochrome.pwg	pclmtoraster	corpus/pclm/16pixels/600dpi/jpeg/onepage-a4-srgb-8-600dpi.pwg.pclm	application/PCLm	image/pwg-raster	pclmtoraster	1	1	iso_a4_210x297mm	1	print-color-mode=monochrome
pclmtoraster/16pixels_600dpi_jpeg_onepage-a4-srgb-8-600dpi.pwg/default.urf	pclmtoraster	corpus/pclm/16pixels/600dpi/jpeg/onepage-a4-srgb-8-600dpi.pwg.pclm	application/PCLm	image/urf	pclmtoraster	1	1	iso_a4_210x297mm	1	
pclmtoraster/16pixels_600dpi_rle_color.jpg-4x6-sgray-8-600dpi.pwg/default.pwg	pclmtoraster	corpus/pclm/16pixels/600dpi/rle/color.jpg-4x6-sgray-8-600dpi.pwg.pclm	application/PCLm	image/pwg-raster	pclmtoraster	1	1	iso_a4_210x297mm	1	
pclmtoraster/16pixels_600dpi_rle_color.jpg-4x6-sgray-8-600dpi.pwg/print-color-mode-monochrome.pwg	pclmtoraster	corpus/pclm/16pixels/600dpi/rle/color.jpg-4x6-sgray-8-600dpi.pwg.pclm	application/PCLm	image/pwg-raster	pclmtoraster	1	1	iso_a4_210x297mm	1	print-color-mode=monochrome
pclmtoraster/16pixels_600dpi_rle_color.jpg-4x6-sgray-8-600dpi.pwg/default.urf	pclmtoraster	corpus/pclm/16pixels/600dpi/rle/color.jpg-4x6-sgray-8-600dpi.pwg.pclm	application/PCLm	image/urf	pclmtoraster	1	1	iso_a4_210x297mm	1	
pclmtoraster/16pixels_600dpi_rle_color.jpg-4x6-srgb-8-600dpi.pwg/default.pwg	pclmtoraster	corpus/pclm/16pixels/600dpi/rle/color.jpg-4x6-srgb-8-600dpi.pwg.pclm	application/PCLm	image/pwg-raster	pclmtoraster	1	1	iso_a4_210x297mm	1	
pclmtoraster/16pixels_600dpi_rle_color.jpg-4x6-srgb-8-600dpi.pwg/print-color-mode-monochrome.pwg	pclmtoraster	corpus/pclm/16pixels/600dpi/rle/color.jpg-4x6-srgb-8-600dpi.pwg.pclm	application/PCLm	image/pwg-raster	pclmtoraster	1	1	iso_a4_210x297mm	1	print-color-mode=monochrome
pclmtoraster/16pixels_600dpi_rle_color.jpg-4x6-srgb-8-600dpi.pwg/default.urf	pclmtoraster	corpus/pclm/16pixels/600dpi/rle/color.jpg-4x6-srgb-8-600dpi.pwg.pclm	application/PCLm	image/urf	pclmtoraster	1	1	iso_a4_210x297mm	1	
pclmtoraster/16pixels_600dpi_rle_onepage-a4-sgray-8-600dpi.pwg/default.pwg	pclmtoraster	corpus/pclm/16pixels/600dpi/rle/onepage-a4-sgray-8-600dpi.pwg.pclm	application/PCLm	image/pwg-raster	pclmtoraster	1	1	iso_a4_210x297mm	1	
pclmtoraster/16pixels_600dpi_rle_onepage-a4-sgray-8-600dpi.pwg/print-color-mode-monochrome.pwg	pclmtoraster	corpus/pclm/16pixels/600dpi/rle/onepage-a4-sgray-8-600dpi.pwg.pclm	application/PCLm	image/pwg-raster	pclmtoraster	1	1	iso_a4_210x297mm	1	print-color-mode=monochrome
pclmtoraster/16pixels_600dpi_rle_onepage-a4-sgray-8-600dpi.pwg/default.urf	pclmtoraster	corpus/pclm/16pixels/600dpi/rle/onepage-a4-sgray-8-600dpi.pwg.pclm	application/PCLm	image/urf	pclmtoraster	1	1	iso_a4_210x297mm	1	
pclmtoraster/16pixels_600dpi_rle_onepage-a4-srgb-8-600dpi.pwg/default.pwg	pclmtoraster	corpus/pclm/16pixels/600dpi/rle/onepage-a4-srgb-8-600dpi.pwg.pclm	application/PCLm	image/pwg-raster	pclmtoraster	1	1	iso_a4_210x297mm	1	
pclmtoraster/16pixels_600dpi_rle_onepage-a4-srgb-8-600dpi.pwg/print-color-mode-monochrome.pwg	pclmtoraster	corpus/pclm/16pixels/600dpi/rle/onepage-a4-srgb-8-600dpi.pwg.pclm	application/PCLm	image/pwg-raster	pclmtoraster	1	1	iso_a4_210x297mm	1	print-color-mode=monochrome
pclmtoraster/16pixels_600dpi_rle_onepage-a4-srgb-8-600dpi.pwg/default.urf	pclmtoraster	corpus/pclm/16pixels/600dpi/rle/onepage-a4-srgb-8-600dpi.pwg.pclm	application/PCLm	image/urf	pclmtoraster	1	1	iso_a4_210x297mm	1	
pclmtoraster/32pixels_300dpi_flate_color.jpg-4x6-sgray-8-300dpi.pwg/default.pwg	pclmtoraster	corpus/pclm/32pixels/300dpi/flate/color.jpg-4x6-sgray-8-300dpi.pwg.pclm	application/PCLm	image/pwg-raster	pclmtoraster	1	1	iso_a4_210x297mm	1	
pclmtoraster/32pixels_300dpi_flate_color.jpg-4x6-sgray-8-300dpi.pwg/print-color-mode-monochrome.pwg	pclmtoraster	corpus/pclm/32pixels/300dpi/flate/color.jpg-4x6-sgray-8-300dpi.pwg.pclm	application/PCLm	image/pwg-raster	pclmtoraster	1	1	iso_a4_210x297mm	1	print-color-mode=monochrome
pclmtoraster/32pixels_300dpi_flate_color.jpg-4x6-sgray-8-300dpi.pwg/default.urf	pclmtoraster	corpus/pclm/32pixels/300dpi/flate/color.jpg-4x6-sgray-8-300dpi.pwg.pclm	application/PCLm	image/urf	pclmtoraster	1	1	iso_a4_210x297mm	1	
pclmtoraster/32pixels_300dpi_flate_color.jpg-4x6-srgb-8-300dpi.pwg/default.pwg	pclmtoraster	corpus/pclm/32pixels/300dpi/flate/color.jpg-4x6-srgb-8-300dpi.pwg.pclm	application/PCLm	image/pwg-raster	pclmtoraster	1	1	iso_a4_210x297mm	1	
pclmtoraster/32pixels_300dpi_flate_color.jpg-4x6-srgb-8-300dpi.pwg/print-color-mode-monochrome.pwg	pclmtoraster	corpus/pclm/32pixels/300dpi/flate/color.jpg-4x6-srgb-8-300dpi.pwg.pclm	application/PCLm	image/pwg-raster	pclmtoraster	1	1	iso_a4_210x297mm	1	print-color-mode=monochrome
pclmtoraster/32pixels_300dpi_flate_color.jpg-4x6-srgb-8-300dpi.pwg/default.urf	pclmtoraster	corpus/pclm/32pixels/300dpi/flate/color.jpg-4x6-srgb-8-300dpi.pwg.pclm	application/PCLm	image/urf	pclmtoraster	1	1	iso_a4_210x297mm	1	
pclmtoraster/32pixels_300dpi_flate_onepage-a4-sgray-8-300dpi.pwg/default.pwg	pclmtoraster	corpus/pclm/32pixels/300dpi/flate/onepage-a4-sgray-8-300dpi.pwg.pclm	application/PCLm	image/pwg-raster	pclmtoraster	1	1	iso_a4_210x297mm	1	
pclmtoraster/32pixels_300dpi_flate_onepage-a4-sgray-8-300dpi.pwg/print-color-mode-monochrome.pwg	pclmtoraster	corpus/pclm/32pixels/300dpi/flate/onepage-a4-sgray-8-300dpi.pwg.pclm	application/PCLm	image/pwg-raster	pclmtoraster	1	1	iso_a4_210x297mm	1	print-color-mode=monochrome
pclmtoraster/32pixels_300dpi_flate_onepage-a4-sgray-8-300dpi.pwg/default.urf	pclmtoraster	corpus/pclm/32pixels/300dpi/flate/onepage-a4-sgray-8-300dpi.pwg.pclm	application/PCLm	image/urf	pclmtoraster	1	1	iso_a4_210x297mm	1	
pclmtoraster/32pixels_300dpi_flate_onepage-a4-srgb-8-300dpi.pwg/default.pwg	pclmtoraster	corpus/pclm/32pixels/300dpi/flate/onepage-a4-srgb-8-300dpi.pwg.pclm	application/PCLm	image/pwg-raster	pclmtoraster	1	1	iso_a4_210x297mm	1	
pclmtoraster/32pixels_300dpi_flate_onepage-a4-srgb-8-300dpi.pwg/print-color-mode-monochrome.pwg	pclmtoraster	corpus/pclm/32pixels/300dpi/flate/onepage-a4-srgb-8-300dpi.pwg.pclm	application/PCLm	image/pwg-raster	pclmtoraster	1	1	iso_a4_210x297mm	1	print-color-mode=monochrome
pclmtoraster/32pixels_300dpi_flate_onepage-a4-srgb-8-300dpi.pwg/default.urf	pclmtoraster	corpus/pclm/32pixels/300dpi/flate/onepage-a4-srgb-8-300dpi.pwg.pclm	application/PCLm	image/urf	pclmtoraster	1	1	iso_a4_210x297mm	1	
pclmtoraster/32pixels_300dpi_jpeg_color.jpg-4x6-sgray-8-300dpi.pwg/default.pwg	pclmtoraster	corpus/pclm/32pixels/300dpi/jpeg/color.jpg-4x6-sgray-8-300dpi.pwg.pclm	application/PCLm	image/pwg-raster	pclmtoraster	1	1	iso_a4_210x297mm	1	
pclmtoraster/32pixels_300dpi_jpeg_color.jpg-4x6-sgray-8-300dpi.pwg/print-color-mode-monochrome.pwg	pclmtoraster	corpus/pclm/32pixels/300dpi/jpeg/color.jpg-4x6-sgray-8-300dpi.pwg.pclm	application/PCLm	image/pwg-raster	pclmtoraster	1	1	iso_a4_210x297mm	1	print-color-mode=monochrome
pclmtoraster/32pixels_300dpi_jpeg_color.jpg-4x6-sgray-8-300dpi.pwg/default.urf	pclmtoraster	corpus/pclm/32pixels/300dpi/jpeg/color.jpg-4x6-sgray-8-300dpi.pwg.pclm	application/PCLm	image/urf	pclmtoraster	1	1	iso_a4_210x297mm	1	
pclmtoraster/32pixels_300dpi_jpeg_color.jpg-4x6-srgb-8-300dpi.pwg/default.pwg	pclmtoraster	corpus/pclm/32pixels/300dpi/jpeg/color.jpg-4x6-srgb-8-300dpi.pwg.pclm	application/PCLm	image/pwg-raster	pclmtoraster	1	1	iso_a4_210x297mm	1	
pclmtoraster/32pixels_300dpi_jpeg_color.jpg-4x6-srgb-8-300dpi.pwg/print-color-mode-monochrome.pwg	pclmtoraster	corpus/pclm/32pixels/300dpi/jpeg/color.jpg-4x6-srgb-8-300dpi.pwg.pclm	application/PCLm	image/pwg-raster	pclmtoraster	1	1	iso_a4_210x297mm	1	print-color-mode=monochrome
pclmtoraster/32pixels_300dpi_jpeg_color.jpg-4x6-srgb-8-300dpi.pwg/default.urf	pclmtoraster	corpus/pclm/32pixels/300dpi/jpeg/color.jpg-4x6-srgb-8-300dpi.pwg.pclm	application/PCLm	image/urf	pclmtoraster	1	1	iso_a4_210x297mm	1	
pclmtoraster/32pixels_300dpi_jpeg_onepage-a4-sgray-8-300dpi.pwg/default.pwg	pclmtoraster	corpus/pclm/32pixels/300dpi/jpeg/onepage-a4-sgray-8-300dpi.pwg.pclm	application/PCLm	image/pwg-raster	pclmtoraster	1	1	iso_a4_210x297mm	1	
pclmtoraster/32pixels_300dpi_jpeg_onepage-a4-sgray-8-300dpi.pwg/print-color-mode-monochrome.pwg	pclmtoraster	corpus/pclm/32pixels/300dpi/jpeg/onepage-a4-sgray-8-300dpi.pwg.pclm	application/PCLm	image/pwg-raster	pclmtoraster	1	1	iso_a4_210x297mm	1	print-color-mode=monochrome
pclmtoraster/32pixels_300dpi_jpeg_onepage-a4-sgray-8-300dpi.pwg/default.urf	pclmtoraster	corpus/pclm/32pixels/300dpi/jpeg/onepage-a4-sgray-8-300dpi.pwg.pclm	application/PCLm	image/urf	pclmtoraster	1	1	iso_a4_210x297mm	1	
pclmtoraster/32pixels_300dpi_jpeg_onepage-a4-srgb-8-300dpi.pwg/default.pwg	pclmtoraster	corpus/pclm/32pixels/300dpi/jpeg/onepage-a4-srgb-8-300dpi.pwg.pclm	application/PCLm	image/pwg-raster	pclmtoraster	1	1	iso_a4_210x297mm	1	
pclmtoraster/32pixels_300dpi_jpeg_onepage-a4-srgb-8-300dpi.pwg/print-color-mode-monochrome.pwg	pclmtoraster	corpus/pclm/32pixels/300dpi/jpeg/onepage-a4-srgb-8-300dpi.pwg.pclm	application/PCLm	image/pwg-raster	pclmtoraster	1	1	iso_a4_210x297mm	1	print-color-mode=monochrome
pclmtoraster/32pixels_300dpi_jpeg_onepage-a4-srgb-8-300dpi.pwg/default.urf	pclmtoraster	corpus/pclm/32pixels/300dpi/jpeg/onepage-a4-srgb-8-300dpi.pwg.pclm	application/PCLm	image/urf	pclmtoraster	1	1	iso_a4_210x297mm	1	
pclmtoraster/32pixels_300dpi_rle_color.jpg-4x6-sgray-8-300dpi.pwg/default.pwg	pclmtoraster	corpus/pclm/32pixels/300dpi/rle/color.jpg-4x6-sgray-8-300dpi.pwg.pclm	application/PCLm	image/pwg-raster	pclmtoraster	1	1	iso_a4_210x297mm	1	
pclmtoraster/32pixels_300dpi_rle_color.jpg-4x6-sgray-8-300dpi.pwg/print-color-mode-monochrome.pwg	pclmtoraster	corpus/pclm/32pixels/300dpi/rle/color.jpg-4x6-sgray-8-300dpi.pwg.pclm	application/PCLm	image/pwg-raster	pclmtoraster	1	1	iso_a4_210x297mm	1	print-color-mode=monochrome
pclmtoraster/32pixels_300dpi_rle_color.jpg-4x6-sgray-8-300dpi.pwg/default.urf	pclmtoraster	corpus/pclm/32pixels/300dpi/rle/color.jpg-4x6-sgray-8-300dpi.pwg.pclm	application/PCLm	image/urf	pclmtoraster	1	1	iso_a4_210x297mm	1	
pclmtoraster/32pixels_300dpi_rle_color.jpg-4x6-srgb-8-300dpi.pwg/default.pwg	pclmtoraster	corpus/pclm/32pixels/300dpi/rle/color.jpg-4x6-srgb-8-300dpi.pwg.pclm	application/PCLm	image/pwg-raster	pclmtoraster	1	1	iso_a4_210x297mm	1	
pclmtoraster/32pixels_300dpi_rle_color.jpg-4x6-srgb-8-300dpi.pwg/print-color-mode-monochrome.pwg	pclmtoraster	corpus/pclm/32pixels/300dpi/rle/color.jpg-4x6-srgb-8-300dpi.pwg.pclm	application/PCLm	image/pwg-raster	pclmtoraster	1	1	iso_a4_210x297mm	1	print-color-mode=monochrome
pclmtoraster/32pixels_300dpi_rle_color.jpg-4x6-srgb-8-300dpi.pwg/default.urf	pclmtoraster	corpus/pclm/32pixels/300dpi/rle/color.jpg-4x6-srgb-8-300dpi.pwg.pclm	application/PCLm	image/urf	pclmtoraster	1	1	iso_a4_210x297mm	1	
pclmtoraster/32pixels_300dpi_rle_onepage-a4-sgray-8-300dpi.pwg/default.pwg	pclmtoraster	corpus/pclm/32pixels/300dpi/rle/onepage-a4-sgray-8-300dpi.pwg.pclm	application/PCLm	image/pwg-raster	pclmtoraster	1	1	iso_a4_210x297mm	1	
pclmtoraster/32pixels_300dpi_rle_onepage-a4-sgray-8-300dpi.pwg/print-color-mode-monochrome.pwg	pclmtoraster	corpus/pclm/32pixels/300dpi/rle/onepage-a4-sgray-8-300dpi.pwg.pclm	application/PCLm	image/pwg-raster	pclmtoraster	1	1	iso_a4_210x297mm	1	print-color-mode=monochrome
pclmtoraster/32pixels_300dpi_rle_onepage-a4-sgray-8-300dpi.pwg/default.urf	pclmtoraster	corpus/pclm/32pixels/300dpi/rle/onepage-a4-sgray-8-300dpi.pwg.pclm	application/PCLm	image/urf	pclmtoraster	1	1	iso_a4_210x297mm	1	
pclmtoraster/32pixels_300dpi_rle_onepage-a4-srgb-8-300dpi.pwg/default.pwg	pclmtoraster	corpus/pclm/32pixels/300dpi/rle/onepage-a4-srgb-8-300dpi.pwg.pclm	application/PCLm	image/pwg-raster	pclmtoraster	1	1	iso_a4_210x297mm	1	
pclmtoraster/32pixels_300dpi_rle_onepage-a4-srgb-8-300dpi.pwg/print-color-mode-monochrome.pwg	pclmtoraster	corpus/pclm/32pixels/300dpi/rle/onepage-a4-srgb-8-300dpi.pwg.pclm	application/PCLm	image/pwg-raster	pclmtoraster	1	1	iso_a4_210x297mm	1	print-color-mode=monochrome
pclmtoraster/32pixels_300dpi_rle_onepage-a4-srgb-8-300dpi.pwg/default.urf	pclmtoraster	corpus/pclm/32pixels/300dpi/rle/onepage-a4-srgb-8-300dpi.pwg.pclm	application/PCLm	image/urf	pclmtoraster	1	1	iso_a4_210x297mm	1	
pclmtoraster/32pixels_600dpi_flate_color.jpg-4x6-sgray-8-600dpi.pwg/default.pwg	pclmtoraster	corpus/pclm/32pixels/600dpi/flate/color.jpg-4x6-sgray-8-600dpi.pwg.pclm	application/PCLm	image/pwg-raster	pclmtoraster	1	1	iso_a4_210x297mm	1	
pclmtoraster/32pixels_600dpi_flate_color.jpg-4x6-sgray-8-600dpi.pwg/print-color-mode-monochrome.pwg	pclmtoraster	corpus/pclm/32pixels/600dpi/flate/color.jpg-4x6-sgray-8-600dpi.pwg.pclm	application/PCLm	image/pwg-raster	pclmtoraster	1	1	iso_a4_210x297mm	1	print-color-mode=monochrome
pclmtoraster/32pixels_600dpi_flate_color.jpg-4x6-sgray-8-600dpi.pwg/default.urf	pclmtoraster	corpus/pclm/32pixels/600dpi/flate/color.jpg-4x6-sgray-8-600dpi.pwg.pclm	application/PCLm	image/urf	pclmtoraster	1	1	iso_a4_210x297mm	1	
pclmtoraster/32pixels_600dpi_flate_color.jpg-4x6-srgb-8-600dpi.pwg/default.pwg	pclmtoraster	corpus/pclm/32pixels/600dpi/flate/color.jpg-4x6-srgb-8-600dpi.pwg.pclm	application/PCLm	image/pwg-raster	pclmtoraster	1	1	iso_a4_210x297mm	1	
pclmtoraster/32pixels_600dpi_flate_color.jpg-4x6-srgb-8-600dpi.pwg/print-color-mode-monochrome.pwg	pclmtoraster	corpus/pclm/32pixels/600dpi/flate/color.jpg-4x6-srgb-8-600dpi.pwg.pclm	application/PCLm	image/pwg-raster	pclmtoraster	1	1	iso_a4_210x297mm	1	print-color-mode=monochrome
pclmtoraster/32pixels_600dpi_flate_color.jpg-4x6-srgb-8-600dpi.pwg/default.urf	pclmtoraster	corpus/pclm/32pixels/600dpi/flate/color.jpg-4x6-srgb-8-600dpi.pwg.pclm	application/PCLm	image/urf	pclmtoraster	1	1	iso_a4_210x297mm	1	
pclmtoraster/32pixels_600dpi_flate_onepage-a4-sgray-8-600dpi.pwg/default.pwg	pclmtoraster	corpus/pclm/32pixels/600dpi/flate/onepage-a4-sgray-8-600dpi.pwg.pclm	application/PCLm	image/pwg-raster	pclmtoraster	1	1	iso_a4_210x297mm	1	
pclmtoraster/32pixels_600dpi_flate_onepage-a4-sgray-8-600dpi.pwg/print-color-mode-monochrome.pwg	pclmtoraster	corpus/pclm/32pixels/600dpi/flate/onepage-a4-sgray-8-600dpi.pwg.pclm	application/PCLm	image/pwg-raster	pclmtoraster	1	1	iso_a4_210x297mm	1	print-color-mode=monochrome
pclmtoraster/32pixels_600dpi_flate_onepage-a4-sgray-8-600dpi.pwg/default.urf	pclmtoraster	corpus/pclm/32pixels/600dpi/flate/onepage-a4-sgray-8-600dpi.pwg.pclm	application/PCLm	image/urf	pclmtoraster	1	1	iso_a4_210x297mm	1	
pclmtoraster/32pixels_600dpi_flate_onepage-a4-srgb-8-600dpi.pwg/default.pwg	pclmtoraster	corpus/pclm/32pixels/600dpi/flate/onepage-a4-srgb-8-600dpi.pwg.pclm	application/PCLm	image/pwg-raster	pclmtoraster	1	1	iso_a4_210x297mm	1	
pclmtoraster/32pixels_600dpi_flate_onepage-a4-srgb-8-600dpi.pwg/print-color-mode-monochrome.pwg	pclmtoraster	corpus/pclm/32pixels/600dpi/flate/onepage-a4-srgb-8-600dpi.pwg.pclm	application/PCLm	image/pwg-raster	pclmtoraster	1	1	iso_a4_210x297mm	1	print-color-mode=monochrome
pclmtoraster/32pixels_600dpi_flate_onepage-a4-srgb-8-600dpi.pwg/default.urf	pclmtoraster	corpus/pclm/32pixels/600dpi/flate/onepage-a4-srgb-8-600dpi.pwg.pclm	application/PCLm	image/urf	pclmtoraster	1	1	iso_a4_210x297mm	1	
pclmtoraster/32pixels_600dpi_jpeg_color.jpg-4x6-sgray-8-600dpi.pwg/default.pwg	pclmtoraster	corpus/pclm/32pixels/600dpi/jpeg/color.jpg-4x6-sgray-8-600dpi.pwg.pclm	application/PCLm	image/pwg-raster	pclmtoraster	1	1	iso_a4_210x297mm	1	
pclmtoraster/32pixels_600dpi_jpeg_color.jpg-4x6-sgray-8-600dpi.pwg/print-color-mode-monochrome.pwg	pclmtoraster	corpus/pclm/32pixels/600dpi/jpeg/color.jpg-4x6-sgray-8-600dpi.pwg.pclm	application/PCLm	image/pwg-raster	pclmtoraster	1	1	iso_a4_210x297mm	1	print-color-mode=monochrome
pclmtoraster/32pixels_600dpi_jpeg_color.jpg-4x6-sgray-8-600dpi.pwg/default.urf	pclmtoraster	corpus/pclm/32pixels/600dpi/jpeg/color.jpg-4x6-sgray-8-600dpi.pwg.pclm	application/PCLm	image/urf	pclmtoraster	1	1	iso_a4_210x297mm	1	
pclmtoraster/32pixels_600dpi_jpeg_color.jpg-4x6-srgb-8-600dpi.pwg/default.pwg	pclmtoraster	corpus/pclm/32pixels/600dpi/jpeg/color.jpg-4x6-srgb-8-600dpi.pwg.pclm	application/PCLm	image/pwg-raster	pclmtoraster	1	1	iso_a4_210x297mm	1	
pclmtoraster/32pixels_600dpi_jpeg_color.jpg-4x6-srgb-8-600dpi.pwg/print-color-mode-monochrome.pwg	pclmtoraster	corpus/pclm/32pixels/600dpi/jpeg/color.jpg-4x6-srgb-8-600dpi.pwg.pclm	application/PCLm	image/pwg-raster	pclmtoraster	1	1	iso_a4_210x297mm	1	print-color-mode=monochrome
pclmtoraster/32pixels_600dpi_jpeg_color.jpg-4x6-srgb-8-600dpi.pwg/default.urf	pclmtoraster	corpus/pclm/32pixels/600dpi/jpeg/color.jpg-4x6-srgb-8-600dpi.pwg.pclm	application/PCLm	image/urf	pclmtoraster	1	1	iso_a4_210x297mm	1	
pclmtoraster/32pixels_600dpi_jpeg_onepage-a4-sgray-8-600dpi.pwg/default.pwg	pclmtoraster	corpus/pclm/32pixels/600dpi/jpeg/onepage-a4-sgray-8-600dpi.pwg.pclm	application/PCLm	image/pwg-raster	pclmtoraster	1	1	iso_a4_210x297mm	1	
pclmtoraster/32pixels_600dpi_jpeg_onepage-a4-sgray-8-600dpi.pwg/print-color-mode-monochrome.pwg	pclmtoraster	corpus/pclm/32pixels/600dpi/jpeg/onepage-a4-sgray-8-600dpi.pwg.pclm	application/PCLm	image/pwg-raster	pclmtoraster	1	1	iso_a4_210x297mm	1	print-color-mode=monochrome
pclmtoraster/32pixels_600dpi_jpeg_onepage-a4-sgray-8-600dpi.pwg/default.urf	pclmtoraster	corpus/pclm/32pixels/600dpi/jpeg/onepage-a4-sgray-8-600dpi.pwg.pclm	application/PCLm	image/urf	pclmtoraster	1	1	iso_a4_210x297mm	1	
pclmtoraster/32pixels_600dpi_jpeg_onepage-a4-srgb-8-600dpi.pwg/default.pwg	pclmtoraster	corpus/pclm/32pixels/600dpi/jpeg/onepage-a4-srgb-8-600dpi.pwg.pclm	application/PCLm	image/pwg-raster	pclmtoraster	1	1	iso_a4_210x297mm	1	
pclmtoraster/32pixels_600dpi_jpeg_onepage-a4-srgb-8-600dpi.pwg/print-color-mode-monochrome.pwg	pclmtoraster	corpus/pclm/32pixels/600dpi/jpeg/onepage-a4-srgb-8-600dpi.pwg.pclm	application/PCLm	image/pwg-raster	pclmtoraster	1	1	iso_a4_210x297mm	1	print-color-mode=monochrome
pclmtoraster/32pixels_600dpi_jpeg_onepage-a4-srgb-8-600dpi.pwg/default.urf	pclmtoraster	corpus/pclm/32pixels/600dpi/jpeg/onepage-a4-srgb-8-600dpi.pwg.pclm	application/PCLm	image/urf	pclmtoraster	1	1	iso_a4_210x297mm	1	
pclmtoraster/32pixels_600dpi_rle_color.jpg-4x6-sgray-8-600dpi.pwg/default.pwg	pclmtoraster	corpus/pclm/32pixels/600dpi/rle/color.jpg-4x6-sgray-8-600dpi.pwg.pclm	application/PCLm	image/pwg-raster	pclmtoraster	1	1	iso_a4_210x297mm	1	
pclmtoraster/32pixels_600dpi_rle_color.jpg-4x6-sgray-8-600dpi.pwg/print-color-mode-monochrome.pwg	pclmtoraster	corpus/pclm/32pixels/600dpi/rle/color.jpg-4x6-sgray-8-600dpi.pwg.pclm	application/PCLm	image/pwg-raster	pclmtoraster	1	1	iso_a4_210x297mm	1	print-color-mode=monochrome
pclmtoraster/32pixels_600dpi_rle_color.jpg-4x6-sgray-8-600dpi.pwg/default.urf	pclmtoraster	corpus/pclm/32pixels/600dpi/rle/color.jpg-4x6-sgray-8-600dpi.pwg.pclm	application/PCLm	image/urf	pclmtoraster	1	1	iso_a4_210x297mm	1	
pclmtoraster/32pixels_600dpi_rle_color.jpg-4x6-srgb-8-600dpi.pwg/default.pwg	pclmtoraster	corpus/pclm/32pixels/600dpi/rle/color.jpg-4x6-srgb-8-600dpi.pwg.pclm	application/PCLm	image/pwg-raster	pclmtoraster	1	1	iso_a4_210x297mm	1	
pclmtoraster/32pixels_600dpi_rle_color.jpg-4x6-srgb-8-600dpi.pwg/print-color-mode-monochrome.pwg	pclmtoraster	corpus/pclm/32pixels/600dpi/rle/color.jpg-4x6-srgb-8-600dpi.pwg.pclm	application/PCLm	image/pwg-raster	pclmtoraster	1	1	iso_a4_210x297mm	1	print-color-mode=monochrome
pclmtoraster/32pixels_600dpi_rle_color.jpg-4x6-srgb-8-600dpi.pwg/default.urf	pclmtoraster	corpus/pclm/32pixels/600dpi/rle/color.jpg-4x6-srgb-8-600dpi.pwg.pclm	application/PCLm	image/urf	pclmtoraster	1	1	iso_a4_210x297mm	1	
pclmtoraster/32pixels_600dpi_rle_onepage-a4-sgray-8-600dpi.pwg/default.pwg	pclmtoraster	corpus/pclm/32pixels/600dpi/rle/onepage-a4-sgray-8-600dpi.pwg.pclm	application/PCLm	image/pwg-raster	pclmtoraster	1	1	iso_a4_210x297mm	1	
pclmtoraster/32pixels_600dpi_rle_onepage-a4-sgray-8-600dpi.pwg/print-color-mode-monochrome.pwg	pclmtoraster	corpus/pclm/32pixels/600dpi/rle/onepage-a4-sgray-8-600dpi.pwg.pclm	application/PCLm	image/pwg-raster	pclmtoraster	1	1	iso_a4_210x297mm	1	print-color-mode=monochrome
pclmtoraster/32pixels_600dpi_rle_onepage-a4-sgray-8-600dpi.pwg/default.urf	pclmtoraster	corpus/pclm/32pixels/600dpi/rle/onepage-a4-sgray-8-600dpi.pwg.pclm	application/PCLm	image/urf	pclmtoraster	1	1	iso_a4_210x297mm	1	
pclmtoraster/32pixels_600dpi_rle_onepage-a4-srgb-8-600dpi.pwg/default.pwg	pclmtoraster	corpus/pclm/32pixels/600dpi/rle/onepage-a4-srgb-8-600dpi.pwg.pclm	application/PCLm	image/pwg-raster	pclmtoraster	1	1	iso_a4_210x297mm	1	
pclmtoraster/32pixels_600dpi_rle_onepage-a4-srgb-8-600dpi.pwg/print-color-mode-monochrome.pwg	pclmtoraster	corpus/pclm/32pixels/600dpi/rle/onepage-a4-srgb-8-600dpi.pwg.pclm	application/PCLm	image/pwg-raster	pclmtoraster	1	1	iso_a4_210x297mm	1	print-color-mode=monochrome
pclmtoraster/32pixels_600dpi_rle_onepage-a4-srgb-8-600dpi.pwg/default.urf	pclmtoraster	corpus/pclm/32pixels/600dpi/rle/onepage-a4-srgb-8-600dpi.pwg.pclm	application/PCLm	image/urf	pclmtoraster	1	1	iso_a4_210x297mm	1	
pclmtoraster/64pixels_300dpi_flate_color.jpg-4x6-sgray-8-300dpi.pwg/default.pwg	pclmtoraster	corpus/pclm/64pixels/300dpi/flate/color.jpg-4x6-sgray-8-300dpi.pwg.pclm	application/PCLm	image/pwg-raster	pclmtoraster	1	1	iso_a4_210x297mm	1	
pclmtoraster/64pixels_300dpi_flate_color.jpg-4x6-sgray-8-300dpi.pwg/print-color-mode-monochrome.pwg	pclmtoraster	corpus/pclm/64pixels/300dpi/flate/color.jpg-4x6-sgray-8-300dpi.pwg.pclm	application/PCLm	image/pwg-raster	pclmtoraster	1	1	iso_a4_210x297mm	1	print-color-mode=monochrome
pclmtoraster/64pixels_300dpi_flate_color.jpg-4x6-sgray-8-300dpi.pwg/default.urf	pclmtoraster	corpus/pclm/64pixels/300dpi/flate/color.jpg-4x6-sgray-8-300dpi.pwg.pclm	application/PCLm	image/urf	pclmtoraster	1	1	iso_a4_210x297mm	1	
pclmtoraster/64pixels_300dpi_flate_color.jpg-4x6-srgb-8-300dpi.pwg/default.pwg	pclmtoraster	corpus/pclm/64pixels/300dpi/flate/color.jpg-4x6-srgb-8-300dpi.pwg.pclm	application/PCLm	image/pwg-raster	pclmtoraster	1	1	iso_a4_210x297mm	1	
pclmtoraster/64pixels_300dpi_flate_color.jpg-4x6-srgb-8-300dpi.pwg/print-color-mode-monochrome.pwg	pclmtoraster	corpus/pclm/64pixels/300dpi/flate/color.jpg-4x6-srgb-8-300dpi.pwg.pclm	application/PCLm	image/pwg-raster	pclmtoraster	1	1	iso_a4_210x297mm	1	print-color-mode=monochrome
pclmtoraster/64pixels_300dpi_flate_color.jpg-4x6-srgb-8-300dpi.pwg/default.urf	pclmtoraster	corpus/pclm/64pixels/300dpi/flate/color.jpg-4x6-srgb-8-300dpi.pwg.pclm	application/PCLm	image/urf	pclmtoraster	1	1	iso_a4_210x297mm	1	
pclmtoraster/64pixels_300dpi_flate_onepage-a4-sgray-8-300dpi.pwg/default.pwg	pclmtoraster	corpus/pclm/64pixels/300dpi/flate/onepage-a4-sgray-8-300dpi.pwg.pclm	application/PCLm	image/pwg-raster	pclmtoraster	1	1	iso_a4_210x297mm	1	
pclmtoraster/64pixels_300dpi_flate_onepage-a4-sgray-8-300dpi.pwg/print-color-mode-monochrome.pwg	pclmtoraster	corpus/pclm/64pixels/300dpi/flate/onepage-a4-sgray-8-300dpi.pwg.pclm	application/PCLm	image/pwg-raster	pclmtoraster	1	1	iso_a4_210x297mm	1	print-color-mode=monochrome
pclmtoraster/64pixels_300dpi_flate_onepage-a4-sgray-8-300dpi.pwg/default.urf	pclmtoraster	corpus/pclm/64pixels/300dpi/flate/onepage-a4-sgray-8-300dpi.pwg.pclm	application/PCLm	image/urf	pclmtoraster	1	1	iso_a4_210x297mm	1	
pclmtoraster/64pixels_300dpi_flate_onepage-a4-srgb-8-300dpi.pwg/default.pwg	pclmtoraster	corpus/pclm/64pixels/300dpi/flate/onepage-a4-srgb-8-300dpi.pwg.pclm	application/PCLm	image/pwg-raster	pclmtoraster	1	1	iso_a4_210x297mm	1	
pclmtoraster/64pixels_300dpi_flate_onepage-a4-srgb-8-300dpi.pwg/print-color-mode-monochrome.pwg	pclmtoraster	corpus/pclm/64pixels/300dpi/flate/onepage-a4-srgb-8-300dpi.pwg.pclm	application/PCLm	image/pwg-raster	pclmtoraster	1	1	iso_a4_210x297mm	1	print-color-mode=monochrome
pclmtoraster/64pixels_300dpi_flate_onepage-a4-srgb-8-300dpi.pwg/default.urf	pclmtoraster	corpus/pclm/64pixels/300dpi/flate/onepage-a4-srgb-8-300dpi.pwg.pclm	application/PCLm	image/urf	pclmtoraster	1	1	iso_a4_210x297mm	1	
pclmtoraster/64pixels_300dpi_jpeg_color.jpg-4x6-sgray-8-300dpi.pwg/default.pwg	pclmtoraster	corpus/pclm/64pixels/300dpi/jpeg/color.jpg-4x6-sgray-8-300dpi.pwg.pclm	application/PCLm	image/pwg-raster	pclmtoraster	1	1	iso_a4_210x297mm	1	
pclmtoraster/64pixels_300dpi_jpeg_color.jpg-4x6-sgray-8-300dpi.pwg/print-color-mode-monochrome.pwg	pclmtoraster	corpus/pclm/64pixels/300dpi/jpeg/color.jpg-4x6-sgray-8-300dpi.pwg.pclm	application/PCLm	image/pwg-raster	pclmtoraster	1	1	iso_a4_210x297mm	1	print-color-mode=monochrome
pclmtoraster/64pixels_300dpi_jpeg_color.jpg-4x6-sgray-8-300dpi.pwg/default.urf	pclmtoraster	corpus/pclm/64pixels/300dpi/jpeg/color.jpg-4x6-sgray-8-300dpi.pwg.pclm	application/PCLm	image/urf	pclmtoraster	1	1	iso_a4_210x297mm	1	
pclmtoraster/64pixels_300dpi_jpeg_color.jpg-4x6-srgb-8-300dpi.pwg/default.pwg	pclmtoraster	corpus/pclm/64pixels/300dpi/jpeg/color.jpg-4x6-srgb-8-300dpi.pwg.pclm	application/PCLm	image/pwg-raster	pclmtoraster	1	1	iso_a4_210x297mm	1	
pclmtoraster/64pixels_300dpi_jpeg_color.jpg-4x6-srgb-8-300dpi.pwg/print-color-mode-monochrome.pwg	pclmtoraster	corpus/pclm/64pixels/300dpi/jpeg/color.jpg-4x6-srgb-8-300dpi.pwg.pclm	application/PCLm	image/pwg-raster	pclmtoraster	1	1	iso_a4_210x297mm	1	print-color-mode=monochrome
pclmtoraster/64pixels_300dpi_jpeg_color.jpg-4x6-srgb-8-300dpi.pwg/default.urf	pclmtoraster	corpus/pclm/64pixels/300dpi/jpeg/color.jpg-4x6-srgb-8-300dpi.pwg.pclm	application/PCLm	image/urf	pclmtoraster	1	1	iso_a4_210x297mm	1	
pclmtoraster/64pixels_300dpi_jpeg_onepage-a4-sgray-8-300dpi.pwg/default.pwg	pclmtoraster	corpus/pclm/64pixels/300dpi/jpeg/onepage-a4-sgray-8-300dpi.pwg.pclm	application/PCLm	image/pwg-raster	pclmtoraster	1	1	iso_a4_210x297mm	1	
pclmtoraster/64pixels_300dpi_jpeg_onepage-a4-sgray-8-300dpi.pwg/print-color-mode-monochrome.pwg	pclmtoraster	corpus/pclm/64pixels/300dpi/jpeg/onepage-a4-sgray-8-300dpi.pwg.pclm	application/PCLm	image/pwg-raster	pclmtoraster	1	1	iso_a4_210x297mm	1	print-color-mode=monochrome
pclmtoraster/64pixels_300dpi_jpeg_onepage-a4-sgray-8-300dpi.pwg/default.urf	pclmtoraster	corpus/pclm/64pixels/300dpi/jpeg/onepage-a4-sgray-8-300dpi.pwg.pclm	application/PCLm	image/urf	pclmtoraster	1	1	iso_a4_210x297mm	1	
pclmtoraster/64pixels_300dpi_jpeg_onepage-a4-srgb-8-300dpi.pwg/default.pwg	pclmtoraster	corpus/pclm/64pixels/300dpi/jpeg/onepage-a4-srgb-8-300dpi.pwg.pclm	application/PCLm	image/pwg-raster	pclmtoraster	1	1	iso_a4_210x297mm	1	
pclmtoraster/64pixels_300dpi_jpeg_onepage-a4-srgb-8-300dpi.pwg/print-color-mode-monochrome.pwg	pclmtoraster	corpus/pclm/64pixels/300dpi/jpeg/onepage-a4-srgb-8-300dpi.pwg.pclm	application/PCLm	image/pwg-raster	pclmtoraster	1	1	iso_a4_210x297mm	1	print-color-mode=monochrome
pclmtoraster/64pixels_300dpi_jpeg_onepage-a4-srgb-8-300dpi.pwg/default.urf	pclmtoraster	corpus/pclm/64pixels/300dpi/jpeg/onepage-a4-srgb-8-300dpi.pwg.pclm	application/PCLm	image/urf	pclmtoraster	1	1	iso_a4_210x297mm	1	
pclmtoraster/64pixels_300dpi_rle_color.jpg-4x6-sgray-8-300dpi.pwg/default.pwg	pclmtoraster	corpus/pclm/64pixels/300dpi/rle/color.jpg-4x6-sgray-8-300dpi.pwg.pclm	application/PCLm	image/pwg-raster	pclmtoraster	1	1	iso_a4_210x297mm	1	
pclmtoraster/64pixels_300dpi_rle_color.jpg-4x6-sgray-8-300dpi.pwg/print-color-mode-monochrome.pwg	pclmtoraster	corpus/pclm/64pixels/300dpi/rle/color.jpg-4x6-sgray-8-300dpi.pwg.pclm	application/PCLm	image/pwg-raster	pclmtoraster	1	1	iso_a4_210x297mm	1	print-color-mode=monochrome
pclmtoraster/64pixels_300dpi_rle_color.jpg-4x6-sgray-8-300dpi.pwg/default.urf	pclmtoraster	corpus/pclm/64pixels/300dpi/rle/color.jpg-4x6-sgray-8-300dpi.pwg.pclm	application/PCLm	image/urf	pclmtoraster	1	1	iso_a4_210x297mm	1	
pclmtoraster/64pixels_300dpi_rle_color.jpg-4x6-srgb-8-300dpi.pwg/default.pwg	pclmtoraster	corpus/pclm/64pixels/300dpi/rle/color.jpg-4x6-srgb-8-300dpi.pwg.pclm	application/PCLm	image/pwg-raster	pclmtoraster	1	1	iso_a4_210x297mm	1	
pclmtoraster/64pixels_300dpi_rle_color.jpg-4x6-srgb-8-300dpi.pwg/print-color-mode-monochrome.pwg	pclmtoraster	corpus/pclm/64pixels/300dpi/rle/color.jpg-4x6-srgb-8-300dpi.pwg.pclm	application/PCLm	image/pwg-raster	pclmtoraster	1	1	iso_a4_210x297mm	1	print-color-mode=monochrome
pclmtoraster/64pixels_300dpi_rle_color.jpg-4x6-srgb-8-300dpi.pwg/default.urf	pclmtoraster	corpus/pclm/64pixels/300dpi/rle/color.jpg-4x6-srgb-8-300dpi.pwg.pclm	application/PCLm	image/urf	pclmtoraster	1	1	iso_a4_210x297mm	1	
pclmtoraster/64pixels_300dpi_rle_onepage-a4-sgray-8-300dpi.pwg/default.pwg	pclmtoraster	corpus/pclm/64pixels/300dpi/rle/onepage-a4-sgray-8-300dpi.pwg.pclm	application/PCLm	image/pwg-raster	pclmtoraster	1	1	iso_a4_210x297mm	1	
pclmtoraster/64pixels_300dpi_rle_onepage-a4-sgray-8-300dpi.pwg/print-color-mode-monochrome.pwg	pclmtoraster	corpus/pclm/64pixels/300dpi/rle/onepage-a4-sgray-8-300dpi.pwg.pclm	application/PCLm	image/pwg-raster	pclmtoraster	1	1	iso_a4_210x297mm	1	print-color-mode=monochrome
pclmtoraster/64pixels_300dpi_rle_onepage-a4-sgray-8-300dpi.pwg/default.urf	pclmtoraster	corpus/pclm/64pixels/300dpi/rle/onepage-a4-sgray-8-300dpi.pwg.pclm	application/PCLm	image/urf	pclmtoraster	1	1	iso_a4_210x297mm	1	
pclmtoraster/64pixels_300dpi_rle_onepage-a4-srgb-8-300dpi.pwg/default.pwg	pclmtoraster	corpus/pclm/64pixels/300dpi/rle/onepage-a4-srgb-8-300dpi.pwg.pclm	application/PCLm	image/pwg-raster	pclmtoraster	1	1	iso_a4_210x297mm	1	
pclmtoraster/64pixels_300dpi_rle_onepage-a4-srgb-8-300dpi.pwg/print-color-mode-monochrome.pwg	pclmtoraster	corpus/pclm/64pixels/300dpi/rle/onepage-a4-srgb-8-300dpi.pwg.pclm	application/PCLm	image/pwg-raster	pclmtoraster	1	1	iso_a4_210x297mm	1	print-color-mode=monochrome
pclmtoraster/64pixels_300dpi_rle_onepage-a4-srgb-8-300dpi.pwg/default.urf	pclmtoraster	corpus/pclm/64pixels/300dpi/rle/onepage-a4-srgb-8-300dpi.pwg.pclm	application/PCLm	image/urf	pclmtoraster	1	1	iso_a4_210x297mm	1	
pclmtoraster/64pixels_600dpi_flate_color.jpg-4x6-sgray-8-600dpi.pwg/default.pwg	pclmtoraster	corpus/pclm/64pixels/600dpi/flate/color.jpg-4x6-sgray-8-600dpi.pwg.pclm	application/PCLm	image/pwg-raster	pclmtoraster	1	1	iso_a4_210x297mm	1	
pclmtoraster/64pixels_600dpi_flate_color.jpg-4x6-sgray-8-600dpi.pwg/print-color-mode-monochrome.pwg	pclmtoraster	corpus/pclm/64pixels/600dpi/flate/color.jpg-4x6-sgray-8-600dpi.pwg.pclm	application/PCLm	image/pwg-raster	pclmtoraster	1	1	iso_a4_210x297mm	1	print-color-mode=monochrome
pclmtoraster/64pixels_600dpi_flate_color.jpg-4x6-sgray-8-600dpi.pwg/default.urf	pclmtoraster	corpus/pclm/64pixels/600dpi/flate/color.jpg-4x6-sgray-8-600dpi.pwg.pclm	application/PCLm	image/urf	pclmtoraster	1	1	iso_a4_210x297mm	1	
pclmtoraster/64pixels_600dpi_flate_color.jpg-4x6-srgb-8-600dpi.pwg/default.pwg	pclmtoraster	corpus/pclm/64pixels/600dpi/flate/color.jpg-4x6-srgb-8-600dpi.pwg.pclm	application/PCLm	image/pwg-raster	pclmtoraster	1	1	iso_a4_210x297mm	1	
pclmtoraster/64pixels_600dpi_flate_color.jpg-4x6-srgb-8-600dpi.pwg/print-color-mode-monochrome.pwg	pclmtoraster	corpus/pclm/64pixels/600dpi/flate/color.jpg-4x6-srgb-8-600dpi.pwg.pclm	application/PCLm	image/pwg-raster	pclmtoraster	1	1	iso_a4_210x297mm	1	print-color-mode=monochrome
pclmtoraster/64pixels_600dpi_flate_color.jpg-4x6-srgb-8-600dpi.pwg/default.urf	pclmtoraster	corpus/pclm/64pixels/600dpi/flate/color.jpg-4x6-srgb-8-600dpi.pwg.pclm	application/PCLm	image/urf	pclmtoraster	1	1	iso_a4_210x297mm	1	
pclmtoraster/64pixels_600dpi_flate_onepage-a4-sgray-8-600dpi.pwg/default.pwg	pclmtoraster	corpus/pclm/64pixels/600dpi/flate/onepage-a4-sgray-8-600dpi.pwg.pclm	application/PCLm	image/pwg-raster	pclmtoraster	1	1	iso_a4_210x297mm	1	
pclmtoraster/64pixels_600dpi_flate_onepage-a4-sgray-8-600dpi.pwg/print-color-mode-monochrome.pwg	pclmtoraster	corpus/pclm/64pixels/600dpi/flate/onepage-a4-sgray-8-600dpi.pwg.pclm	application/PCLm	image/pwg-raster	pclmtoraster	1	1	iso_a4_210x297mm	1	print-color-mode=monochrome
pclmtoraster/64pixels_600dpi_flate_onepage-a4-sgray-8-600dpi.pwg/default.urf	pclmtoraster	corpus/pclm/64pixels/600dpi/flate/onepage-a4-sgray-8-600dpi.pwg.pclm	application/PCLm	image/urf	pclmtoraster	1	1	iso_a4_210x297mm	1	
pclmtoraster/64pixels_600dpi_flate_onepage-a4-srgb-8-600dpi.pwg/default.pwg	pclmtoraster	corpus/pclm/64pixels/600dpi/flate/onepage-a4-srgb-8-600dpi.pwg.pclm	application/PCLm	image/pwg-raster	pclmtoraster	1	1	iso_a4_210x297mm	1	
pclmtoraster/64pixels_600dpi_flate_onepage-a4-srgb-8-600dpi.pwg/print-color-mode-monochrome.pwg	pclmtoraster	corpus/pclm/64pixels/600dpi/flate/onepage-a4-srgb-8-600dpi.pwg.pclm	application/PCLm	image/pwg-raster	pclmtoraster	1	1	iso_a4_210x297mm	1	print-color-mode=monochrome
pclmtoraster/64pixels_600dpi_flate_onepage-a4-srgb-8-600dpi.pwg/default.urf	pclmtoraster	corpus/pclm/64pixels/600dpi/flate/onepage-a4-srgb-8-600dpi.pwg.pclm	application/PCLm	image/urf	pclmtoraster	1	1	iso_a4_210x297mm	1	
pclmtoraster/64pixels_600dpi_jpeg_color.jpg-4x6-sgray-8-600dpi.pwg/default.pwg	pclmtoraster	corpus/pclm/64pixels/600dpi/jpeg/color.jpg-4x6-sgray-8-600dpi.pwg.pclm	application/PCLm	image/pwg-raster	pclmtoraster	1	1	iso_a4_210x297mm	1	
pclmtoraster/64pixels_600dpi_jpeg_color.jpg-4x6-sgray-8-600dpi.pwg/print-color-mode-monochrome.pwg	pclmtoraster	corpus/pclm/64pixels/600dpi/jpeg/color.jpg-4x6-sgray-8-600dpi.pwg.pclm	application/PCLm	image/pwg-raster	pclmtoraster	1	1	iso_a4_210x297mm	1	print-color-mode=monochrome
pclmtoraster/64pixels_600dpi_jpeg_color.jpg-4x6-sgray-8-600dpi.pwg/default.urf	pclmtoraster	corpus/pclm/64pixels/600dpi/jpeg/color.jpg-4x6-sgray-8-600dpi.pwg.pclm	application/PCLm	image/urf	pclmtoraster	1	1	iso_a4_210x297mm	1	
pclmtoraster/64pixels_600dpi_jpeg_color.jpg-4x6-srgb-8-600dpi.pwg/default.pwg	pclmtoraster	corpus/pclm/64pixels/600dpi/jpeg/color.jpg-4x6-srgb-8-600dpi.pwg.pclm	application/PCLm	image/pwg-raster	pclmtoraster	1	1	iso_a4_210x297mm	1	
pclmtoraster/64pixels_600dpi_jpeg_color.jpg-4x6-srgb-8-600dpi.pwg/print-color-mode-monochrome.pwg	pclmtoraster	corpus/pclm/64pixels/600dpi/jpeg/color.jpg-4x6-srgb-8-600dpi.pwg.pclm	application/PCLm	image/pwg-raster	pclmtoraster	1	1	iso_a4_210x297mm	1	print-color-mode=monochrome
pclmtoraster/64pixels_600dpi_jpeg_color.jpg-4x6-srgb-8-600dpi.pwg/default.urf	pclmtoraster	corpus/pclm/64pixels/600dpi/jpeg/color.jpg-4x6-srgb-8-600dpi.pwg.pclm	application/PCLm	image/urf	pclmtoraster	1	1	iso_a4_210x297mm	1	
pclmtoraster/64pixels_600dpi_jpeg_onepage-a4-sgray-8-600dpi.pwg/default.pwg	pclmtoraster	corpus/pclm/64pixels/600dpi/jpeg/onepage-a4-sgray-8-600dpi.pwg.pclm	application/PCLm	image/pwg-raster	pclmtoraster	1	1	iso_a4_210x297mm	1	
pclmtoraster/64pixels_600dpi_jpeg_onepage-a4-sgray-8-600dpi.pwg/print-color-mode-monochrome.pwg	pclmtoraster	corpus/pclm/64pixels/600dpi/jpeg/onepage-a4-sgray-8-600dpi.pwg.pclm	application/PCLm	image/pwg-raster	pclmtoraster	1	1	iso_a4_210x297mm	1	print-color-mode=monochrome
pclmtoraster/64pixels_600dpi_jpeg_onepage-a4-sgray-8-600dpi.pwg/default.urf	pclmtoraster	corpus/pclm/64pixels/600dpi/jpeg/onepage-a4-sgray-8-600dpi.pwg.pclm	application/PCLm	image/urf	pclmtoraster	1	1	iso_a4_210x297mm	1	
pclmtoraster/64pixels_600dpi_jpeg_onepage-a4-srgb-8-600dpi.pwg/default.pwg	pclmtoraster	corpus/pclm/64pixels/600dpi/jpeg/onepage-a4-srgb-8-600dpi.pwg.pclm	application/PCLm	image/pwg-raster	pclmtoraster	1	1	iso_a4_210x297mm	1	
pclmtoraster/64pixels_600dpi_jpeg_onepage-a4-srgb-8-600dpi.pwg/print-color-mode-monochrome.pwg	pclmtoraster	corpus/pclm/64pixels/600dpi/jpeg/onepage-a4-srgb-8-600dpi.pwg.pclm	application/PCLm	image/pwg-raster	pclmtoraster	1	1	iso_a4_210x297mm	1	print-color-mode=monochrome
pclmtoraster/64pixels_600dpi_jpeg_onepage-a4-srgb-8-600dpi.pwg/default.urf	pclmtoraster	corpus/pclm/64pixels/600dpi/jpeg/onepage-a4-srgb-8-600dpi.pwg.pclm	application/PCLm	image/urf	pclmtoraster	1	1	iso_a4_210x297mm	1	
pclmtoraster/64pixels_600dpi_rle_color.jpg-4x6-sgray-8-600dpi.pwg/default.pwg	pclmtoraster	corpus/pclm/64pixels/600dpi/rle/color.jpg-4x6-sgray-8-600dpi.pwg.pclm	application/PCLm	image/pwg-raster	pclmtoraster	1	1	iso_a4_210x297mm	1	
pclmtoraster/64pixels_600dpi_rle_color.jpg-4x6-sgray-8-600dpi.pwg/print-color-mode-monochrome.pwg	pclmtoraster	corpus/pclm/64pixels/600dpi/rle/color.jpg-4x6-sgray-8-600dpi.pwg.pclm	application/PCLm	image/pwg-raster	pclmtoraster	1	1	iso_a4_210x297mm	1	print-color-mode=monochrome
pclmtoraster/64pixels_600dpi_rle_color.jpg-4x6-sgray-8-600dpi.pwg/default.urf	pclmtoraster	corpus/pclm/64pixels/600dpi/rle/color.jpg-4x6-sgray-8-600dpi.pwg.pclm	application/PCLm	image/urf	pclmtoraster	1	1	iso_a4_210x297mm	1	
pclmtoraster/64pixels_600dpi_rle_color.jpg-4x6-srgb-8-600dpi.pwg/default.pwg	pclmtoraster	corpus/pclm/64pixels/600dpi/rle/color.jpg-4x6-srgb-8-600dpi.pwg.pclm	application/PCLm	image/pwg-raster	pclmtoraster	1	1	iso_a4_210x297mm	1	
pclmtoraster/64pixels_600dpi_rle_color.jpg-4x6-srgb-8-600dpi.pwg/print-color-mode-monochrome.pwg	pclmtoraster	corpus/pclm/64pixels/600dpi/rle/color.jpg-4x6-srgb-8-600dpi.pwg.pclm	application/PCLm	image/pwg-raster	pclmtoraster	1	1	iso_a4_210x297mm	1	print-color-mode=monochrome
pclmtoraster/64pixels_600dpi_rle_color.jpg-4x6-srgb-8-600dpi.pwg/default.urf	pclmtoraster	corpus/pclm/64pixels/600dpi/rle/color.jpg-4x6-srgb-8-600dpi.pwg.pclm	application/PCLm	image/urf	pclmtoraster	1	1	iso_a4_210x297mm	1	
pclmtoraster/64pixels_600dpi_rle_onepage-a4-sgray-8-600dpi.pwg/default.pwg	pclmtoraster	corpus/pclm/64pixels/600dpi/rle/onepage-a4-sgray-8-600dpi.pwg.pclm	application/PCLm	image/pwg-raster	pclmtoraster	1	1	iso_a4_210x297mm	1	
pclmtoraster/64pixels_600dpi_rle_onepage-a4-sgray-8-600dpi.pwg/print-color-mode-monochrome.pwg	pclmtoraster	corpus/pclm/64pixels/600dpi/rle/onepage-a4-sgray-8-600dpi.pwg.pclm	application/PCLm	image/pwg-raster	pclmtoraster	1	1	iso_a4_210x297mm	1	print-color-mode=monochrome
pclmtoraster/64pixels_600dpi_rle_onepage-a4-sgray-8-600dpi.pwg/default.urf	pclmtoraster	corpus/pclm/64pixels/600dpi/rle/onepage-a4-sgray-8-600dpi.pwg.pclm	application/PCLm	image/urf	pclmtoraster	1	1	iso_a4_210x297mm	1	
pclmtoraster/64pixels_600dpi_rle_onepage-a4-srgb-8-600dpi.pwg/default.pwg	pclmtoraster	corpus/pclm/64pixels/600dpi/rle/onepage-a4-srgb-8-600dpi.pwg.pclm	application/PCLm	image/pwg-raster	pclmtoraster	1	1	iso_a4_210x297mm	1	
pclmtoraster/64pixels_600dpi_rle_onepage-a4-srgb-8-600dpi.pwg/print-color-mode-monochrome.pwg	pclmtoraster	corpus/pclm/64pixels/600dpi/rle/onepage-a4-srgb-8-600dpi.pwg.pclm	application/PCLm	image/pwg-raster	pclmtoraster	1	1	iso_a4_210x297mm	1	print-color-mode=monochrome
pclmtoraster/64pixels_600dpi_rle_onepage-a4-srgb-8-600dpi.pwg/default.urf	pclmtoraster	corpus/pclm/64pixels/600dpi/rle/onepage-a4-srgb-8-600dpi.pwg.pclm	application/PCLm	image/urf	pclmtoraster	1	1	iso_a4_210x297mm	1	
text-banner-image/test_text_arabic_rtl/default.pdf	text-banner-image	corpus/text/test_text_arabic_rtl.txt	text/plain	application/pdf	texttopdf	1	1	iso_a4_210x297mm	1	
text-banner-image/test_text_arabic_rtl/prettyprint-true.pdf	text-banner-image	corpus/text/test_text_arabic_rtl.txt	text/plain	application/pdf	texttopdf	1	1	iso_a4_210x297mm	1	prettyprint=true
text-banner-image/test_text_arabic_rtl/columns-2.pdf	text-banner-image	corpus/text/test_text_arabic_rtl.txt	text/plain	application/pdf	texttopdf	1	1	iso_a4_210x297mm	1	columns=2
text-banner-image/test_text_arabic_rtl/cpi-12-lpi-8.pdf	text-banner-image	corpus/text/test_text_arabic_rtl.txt	text/plain	application/pdf	texttopdf	1	1	iso_a4_210x297mm	1	cpi=12 lpi=8
text-banner-image/test_text_arabic_rtl/wrap-false.pdf	text-banner-image	corpus/text/test_text_arabic_rtl.txt	text/plain	application/pdf	texttopdf	1	1	iso_a4_210x297mm	1	wrap=false
text-banner-image/test_text_arabic_rtl/orientation-requested-4.pdf	text-banner-image	corpus/text/test_text_arabic_rtl.txt	text/plain	application/pdf	texttopdf	1	1	iso_a4_210x297mm	1	orientation-requested=4
text-banner-image/test_text_arabic_rtl/page-left-72-page-right-72-page-top-72-page-bottom-72.pdf	text-banner-image	corpus/text/test_text_arabic_rtl.txt	text/plain	application/pdf	texttopdf	1	1	iso_a4_210x297mm	1	page-left=72 page-right=72 page-top=72 page-bottom=72
text-banner-image/test_text_arabic_rtl/media-na-letter-8-5x11in.pdf	text-banner-image	corpus/text/test_text_arabic_rtl.txt	text/plain	application/pdf	texttopdf	1	1	iso_a4_210x297mm	1	media=na_letter_8.5x11in
text-banner-image/test_text_arabic_rtl/default.txt	text-banner-image	corpus/text/test_text_arabic_rtl.txt	text/plain	text/plain	texttotext	1	1	iso_a4_210x297mm	1	
text-banner-image/test_text_greek/default.pdf	text-banner-image	corpus/text/test_text_greek.txt	text/plain	application/pdf	texttopdf	1	1	iso_a4_210x297mm	1	
text-banner-image/test_text_greek/prettyprint-true.pdf	text-banner-image	corpus/text/test_text_greek.txt	text/plain	application/pdf	texttopdf	1	1	iso_a4_210x297mm	1	prettyprint=true
text-banner-image/test_text_greek/columns-2.pdf	text-banner-image	corpus/text/test_text_greek.txt	text/plain	application/pdf	texttopdf	1	1	iso_a4_210x297mm	1	columns=2
text-banner-image/test_text_greek/cpi-12-lpi-8.pdf	text-banner-image	corpus/text/test_text_greek.txt	text/plain	application/pdf	texttopdf	1	1	iso_a4_210x297mm	1	cpi=12 lpi=8
text-banner-image/test_text_greek/wrap-false.pdf	text-banner-image	corpus/text/test_text_greek.txt	text/plain	application/pdf	texttopdf	1	1	iso_a4_210x297mm	1	wrap=false
text-banner-image/test_text_greek/orientation-requested-4.pdf	text-banner-image	corpus/text/test_text_greek.txt	text/plain	application/pdf	texttopdf	1	1	iso_a4_210x297mm	1	orientation-requested=4
text-banner-image/test_text_greek/page-left-72-page-right-72-page-top-72-page-bottom-72.pdf	text-banner-image	corpus/text/test_text_greek.txt	text/plain	application/pdf	texttopdf	1	1	iso_a4_210x297mm	1	page-left=72 page-right=72 page-top=72 page-bottom=72
text-banner-image/test_text_greek/media-na-letter-8-5x11in.pdf	text-banner-image	corpus/text/test_text_greek.txt	text/plain	application/pdf	texttopdf	1	1	iso_a4_210x297mm	1	media=na_letter_8.5x11in
text-banner-image/test_text_greek/default.txt	text-banner-image	corpus/text/test_text_greek.txt	text/plain	text/plain	texttotext	1	1	iso_a4_210x297mm	1	
text-banner-image/test_text_russian/default.pdf	text-banner-image	corpus/text/test_text_russian.txt	text/plain	application/pdf	texttopdf	1	1	iso_a4_210x297mm	1	
text-banner-image/test_text_russian/prettyprint-true.pdf	text-banner-image	corpus/text/test_text_russian.txt	text/plain	application/pdf	texttopdf	1	1	iso_a4_210x297mm	1	prettyprint=true
text-banner-image/test_text_russian/columns-2.pdf	text-banner-image	corpus/text/test_text_russian.txt	text/plain	application/pdf	texttopdf	1	1	iso_a4_210x297mm	1	columns=2
text-banner-image/test_text_russian/cpi-12-lpi-8.pdf	text-banner-image	corpus/text/test_text_russian.txt	text/plain	application/pdf	texttopdf	1	1	iso_a4_210x297mm	1	cpi=12 lpi=8
text-banner-image/test_text_russian/wrap-false.pdf	text-banner-image	corpus/text/test_text_russian.txt	text/plain	application/pdf	texttopdf	1	1	iso_a4_210x297mm	1	wrap=false
text-banner-image/test_text_russian/orientation-requested-4.pdf	text-banner-image	corpus/text/test_text_russian.txt	text/plain	application/pdf	texttopdf	1	1	iso_a4_210x297mm	1	orientation-requested=4
text-banner-image/test_text_russian/page-left-72-page-right-72-page-top-72-page-bottom-72.pdf	text-banner-image	corpus/text/test_text_russian.txt	text/plain	application/pdf	texttopdf	1	1	iso_a4_210x297mm	1	page-left=72 page-right=72 page-top=72 page-bottom=72
text-banner-image/test_text_russian/media-na-letter-8-5x11in.pdf	text-banner-image	corpus/text/test_text_russian.txt	text/plain	application/pdf	texttopdf	1	1	iso_a4_210x297mm	1	media=na_letter_8.5x11in
text-banner-image/test_text_russian/default.txt	text-banner-image	corpus/text/test_text_russian.txt	text/plain	text/plain	texttotext	1	1	iso_a4_210x297mm	1	
text-banner-image/classified/default.pdf	text-banner-image	corpus/banner/classified	application/vnd.cups-banner	application/pdf	bannertopdf	1	1	iso_a4_210x297mm	1	
text-banner-image/confidential/default.pdf	text-banner-image	corpus/banner/confidential	application/vnd.cups-banner	application/pdf	bannertopdf	1	1	iso_a4_210x297mm	1	
text-banner-image/form/default.pdf	text-banner-image	corpus/banner/form	application/vnd.cups-banner	application/pdf	bannertopdf	1	1	iso_a4_210x297mm	1	
text-banner-image/secret/default.pdf	text-banner-image	corpus/banner/secret	application/vnd.cups-banner	application/pdf	bannertopdf	1	1	iso_a4_210x297mm	1	
text-banner-image/standard/default.pdf	text-banner-image	corpus/banner/standard	application/vnd.cups-banner	application/pdf	bannertopdf	1	1	iso_a4_210x297mm	1	
text-banner-image/topsecret/default.pdf	text-banner-image	corpus/banner/topsecret	application/vnd.cups-banner	application/pdf	bannertopdf	1	1	iso_a4_210x297mm	1	
text-banner-image/unclassified/default.pdf	text-banner-image	corpus/banner/unclassified	application/vnd.cups-banner	application/pdf	bannertopdf	1	1	iso_a4_210x297mm	1	
